목록버전,일련번호,그룹,충전소,주소,방문,방문일시,충전기 상태,계측 불가,사유
tracking-20260928-v2,01-081,01 인천,남동스마트NIC복합물류센터,인천광역시 남동구 논현고잔로 87 주차장,X,,계측 불가,고장,고장
tracking-20260928-v2,01-001,01 인천,성강지식산업센터B,인천광역시 남동구 아암대로 1223 (고잔동),O,2026-07-03 09:12:46,정상,,
tracking-20260928-v2,01-002,01 인천,엠스퀘어골프클럽,인천광역시 남동구 논현고잔로135번길 30-13,O,2026-07-03 09:57:56,정상,,
tracking-20260928-v2,01-082,01 인천,인천 남동구 고잔동 남동산단5호 공영주차장,인천광역시 남동구 고잔동 697-20 고잔동 697-21,X,,계측 불가,고장,고장
tracking-20260928-v2,01-083,01 인천,인천시 남동구 남동우리타운,인천광역시 남동구 남동서로53번길 38,X,,계측 불가,고장,고장
tracking-20260928-v2,01-003,01 인천,코아시아,인천광역시 남동구 남동서로 193,O,2026-07-01 13:17:42,정상,,
tracking-20260928-v2,01-004,01 인천,후이즈스마트타워,인천광역시 남동구 호구포로 183 후이즈스마트타워,O,2026-07-03 12:33:03,정상,,
tracking-20260928-v2,01-005,01 인천,남동제2공구상가,인천광역시 남동구 논현고잔로109번길 106 남동제2공구상가 단지 2층 주차장,O,2026-07-03 11:12:28,정상,,
tracking-20260928-v2,01-084,01 인천,인천 남동구 남촌동 남동산단3호 공영주차장,인천광역시 남동구 남촌동 624-13 남촌동 624-15,X,,계측 불가,고장,고장
tracking-20260928-v2,01-006,01 인천,인천상공회의소,인천광역시 남동구 은봉로60번길 46,O,2026-07-01 13:26:48,정상,,
tracking-20260928-v2,01-007,01 인천,인천시 남동구 남동시범공단,인천광역시 남동구 함박뫼로 396,O,2026-07-03 12:51:15,정상,,
tracking-20260928-v2,01-008,01 인천,인천시 남동구 남동테크노파크,인천광역시 남동구 은봉로 51,O,2026-07-01 13:44:43,정상,,
tracking-20260928-v2,01-009,01 인천,남동공단2호공영주차장,인천광역시 남동구 남촌동 644,O,2026-07-03 12:59:49,정상,,
tracking-20260928-v2,01-085,01 인천,논곡중학교,인천광역시 남동구 논곡로 84 논곡중학교,X,,계측 불가,고장,고장
tracking-20260928-v2,01-010,01 인천,하나비전감리교회,인천광역시 남동구 은봉로 159,O,2026-07-03 12:41:56,정상,,
tracking-20260928-v2,01-011,01 인천,인천시 연수구 스퀘어원지상,인천광역시 연수구 청능대로 210,O,2026-07-01 10:00:08,정상,,
tracking-20260928-v2,01-012,01 인천,인천남동 논현코아루파크오피스텔 1,인천광역시 남동구 논현로46번길 22 A동 지하2층 출입구 옆 2기,O,2026-06-30 11:19:11,정상,,
tracking-20260928-v2,01-013,01 인천,이마트연수점E,인천광역시 연수구 경원대로 184 이마트연수점 3층,O,2026-07-01 11:10:06,정상,,
tracking-20260928-v2,01-086,01 인천,인천 선학중학교,"인천광역시 연수구 선학로 19 (선학동, 선학중학교)",X,,계측 불가,고장,고장
tracking-20260928-v2,01-014,01 인천,논현힘찬병원2,인천광역시 남동구 논현로 72,O,2026-06-30 11:18:50,정상,,
tracking-20260928-v2,01-087,01 인천,선학뉴서울아파트,인천광역시 연수구 선학로 101,X,,계측 불가,고장,고장
tracking-20260928-v2,01-088,01 인천,논현2동주민센터,인천광역시 남동구 논현고잔로 248,X,,계측 불가,고장,고장
tracking-20260928-v2,01-015,01 인천,연수2동행정복지센터,인천광역시 연수구 원인재로 158,O,2026-07-01 09:44:44,정상,,
tracking-20260928-v2,01-016,01 인천,인천 연수구 이상근충전소,인천광역시 연수구 학나래로5번길 46,O,2026-07-01 09:10:06,정상,,
tracking-20260928-v2,01-017,01 인천,인천남동 우리들메디타워,인천광역시 남동구 논고개로 81 (논현동) 지하2층주차장,O,2026-06-30 11:14:11,정상,,
tracking-20260928-v2,01-018,01 인천,인천수산업협동조합,인천광역시 연수구 새말로 141,O,2026-06-30 21:54:06,정상,,
tracking-20260928-v2,01-019,01 인천,논현고등학교,인천광역시 남동구 청능대로611번길 54 논현고등학교,O,2026-06-30 11:15:15,정상,,
tracking-20260928-v2,01-020,01 인천,한화에코메트로5단지,인천광역시 남동구 소래역남로 39,O,2026-06-30 11:14:22,정상,,
tracking-20260928-v2,01-021,01 인천,인천브랫슬,인천광역시 연수구 벚꽃로 114,O,2026-06-30 21:35:56,정상,,
tracking-20260928-v2,01-089,01 인천,함박뫼로 50번길 주차장,인천광역시 연수구 연수동 644-3,X,,계측 불가,고장,고장
tracking-20260928-v2,01-090,01 인천,인천논현중학교,인천광역시 남동구 포구로 118 논현중학교,X,,계측 불가,고장,고장
tracking-20260928-v2,01-091,01 인천,청학동 안골마을 주변주차장(경성주택 앞),인천광역시 연수구 청학로12번길 43,X,,계측 불가,고장,고장
tracking-20260928-v2,01-022,01 인천,인천스타트업파크,인천광역시 연수구 컨벤시아대로 204,O,2026-06-30 16:26:11,정상,,
tracking-20260928-v2,01-092,01 인천,송도더샵마스터뷰,인천광역시 연수구 컨벤시아대로274번길 55 송도더샵마스터뷰,X,,계측 불가,고장,고장
tracking-20260928-v2,01-093,01 인천,송도아크베이,인천광역시 연수구 송도과학로27번길 27 송도아메리칸타운더샵아파트,X,,계측 불가,고장,고장
tracking-20260928-v2,01-094,01 인천,뷰티예술고,인천광역시 연수구 원인재로 21 뷰티예술고,X,,계측 불가,고장,고장
tracking-20260928-v2,01-023,01 인천,휴먼시아1단지숲속마을,인천광역시 남동구 은봉로165번길 24 휴먼시아1단지숲속마을,O,2026-06-30 11:18:26,정상,,
tracking-20260928-v2,01-024,01 인천,별빛마을웰카운티아파트,인천광역시 남동구 논현로 235,O,2026-06-30 11:15:29,정상,,
tracking-20260928-v2,01-095,01 인천,한양1차아파트,인천광역시 연수구 원인재로 124,X,,계측 불가,고장,고장
tracking-20260928-v2,01-096,01 인천,동아금호연수타운아파트,인천광역시 연수구 청능대로 124,X,,계측 불가,고장,고장
tracking-20260928-v2,01-097,01 인천,해양과학고등학교,인천광역시 연수구 능허대로 71 해양과학고등학교,X,,계측 불가,고장,고장
tracking-20260928-v2,01-098,01 인천,인천 연수구 청룡로42번길 15 (저압수용가),인천 연수구 청룡로42번길 15 인천 연수구 청룡로42번길 15 (저압수용가),X,,계측 불가,고장,고장
tracking-20260928-v2,01-025,01 인천,더샵송도마리나베이,인천광역시 연수구 랜드마크로 160,O,2026-06-30 11:09:54,정상,,
tracking-20260928-v2,01-026,01 인천,인천연수 이편한세상송도1,"인천광역시 연수구 랜드마크로 113 지하2층주차장 109동1,2라인 옆 C12기둥",O,2026-06-30 11:20:48,정상,,
tracking-20260928-v2,01-027,01 인천,인천연수 송도sk뷰1,인천광역시 연수구 랜드마크로 19,O,2026-06-30 11:30:26,정상,,
tracking-20260928-v2,01-099,01 인천,인천연수 힐스테이트송도더테라스 1,인천광역시 연수구 센트럴로 415,X,,계측 불가,고장,고장
tracking-20260928-v2,01-028,01 인천,송도푸르지오하버뷰 101동 지하2층 주차장,인천광역시 연수구 컨벤시아대로130번길 80,O,2026-06-30 13:34:31,정상,,
tracking-20260928-v2,01-029,01 인천,송도자이하버뷰1단지,인천광역시 연수구 컨벤시아대로130번길 58,O,2026-06-30 14:05:13,정상,,
tracking-20260928-v2,01-030,01 인천,송도 제이블록(인천),인천광역시 연수구 해돋이로 160-14,O,2026-06-30 14:59:28,정상,,
tracking-20260928-v2,01-100,01 인천,코오롱하늘채아이비원,인천광역시 연수구 컨벤시아대로42번길 21,X,,계측 불가,고장,고장
tracking-20260928-v2,01-101,01 인천,인천광역시 동북아무역센터(송도),인천광역시 연수구 컨벤시아대로 165,X,,계측 불가,고장,고장
tracking-20260928-v2,01-031,01 인천,휴먼빌파크,인천광역시 연수구 인천타워대로132번길 30 (송도동),O,2026-06-30 15:49:12,정상,,
tracking-20260928-v2,01-102,01 인천,한국생산기술연구원,인천광역시 연수구 갯벌로 156 한국생산기술연구원,X,,계측 불가,고장,고장
tracking-20260928-v2,01-103,01 인천,인천시 연수구 송도아메리칸타운아이파크,인천광역시 연수구 송도과학로27번길 15 102동B2,X,,계측 불가,고장,고장
tracking-20260928-v2,01-032,01 인천,현대프리미엄아울렛 송도점,인천광역시 연수구 송도국제대로 123 현대프리미엄아울렛 송도점,O,2026-06-30 18:47:59,정상,,
tracking-20260928-v2,01-104,01 인천,주식회사 디에스이,인천광역시 연수구 송도과학로16번길 13-33,X,,계측 불가,고장,고장
tracking-20260928-v2,01-033,01 인천,연세대학교국제캠퍼스,인천광역시 연수구 송도과학로 85 (송도동),O,2026-06-30 20:55:52,정상,,
tracking-20260928-v2,01-105,01 인천,송도더샵그린스퀘어,인천광역시 연수구 송도문화로28번길 81 송도더샵그린스퀘어,X,,계측 불가,고장,고장
tracking-20260928-v2,01-106,01 인천,삼성바이오로직스 드림파크 어린이집,인천광역시 연수구 송도바이오대로 300 삼성바이오로직스 드림파크 어린이집,X,,계측 불가,고장,고장
tracking-20260928-v2,01-034,01 인천,인천시 연수구 송도건강생활지원센터,인천광역시 연수구 인천타워대로54번길 19,O,2026-06-30 18:26:14,정상,,
tracking-20260928-v2,01-107,01 인천,인천 동방초등학교,"인천광역시 남동구 논현역로 31 (논현동, 동방초등학교)",X,,계측 불가,고장,고장
tracking-20260928-v2,01-108,01 인천,논현메디스타워관리단 지하주차장,인천광역시 남동구 논고개로 87,X,,계측 불가,고장,고장
tracking-20260928-v2,01-035,01 인천,칼리오페빌딩관리단,인천광역시 남동구 논고개로123번길 35,O,2026-07-03 08:40:57,정상,,
tracking-20260928-v2,01-036,01 인천,라마다인천호텔,인천광역시 남동구 소래역로 36,O,2026-06-30 11:19:56,정상,,
tracking-20260928-v2,01-109,01 인천,인천남동 가온우노시티,인천광역시 남동구 소래역남로16번길 29 (논현동) 지하1층 출구 옆 주차장,X,,계측 불가,고장,고장
tracking-20260928-v2,01-037,01 인천,형제전기지식산업센터,"인천광역시 남동구 남동대로 150 (고잔동, 형제전기지식산업센터)",O,2026-07-01 11:45:47,정상,,
tracking-20260928-v2,01-038,01 인천,청류지산지식산업센터,인천광역시 남동구 호구포로 139,O,2026-07-03 11:37:38,정상,,
tracking-20260928-v2,01-039,01 인천,연수솔밭마을아파트,인천광역시 연수구 원인재로 232 연수솔밭마을아파트,O,2026-07-01 09:40:11,정상,,
tracking-20260928-v2,01-040,01 인천,이삭볼링장,인천광역시 연수구 먼우금로63번길 13,O,2026-06-30 21:12:17,정상,,
tracking-20260928-v2,01-041,01 인천,연수3동행정복지센터,인천광역시 연수구 원인재로 283,O,2026-07-01 09:26:36,정상,,
tracking-20260928-v2,01-042,01 인천,가천대학교,인천광역시 연수구 함박뫼로 191 가천대학교,O,2026-06-30 22:01:07,정상,,
tracking-20260928-v2,01-043,01 인천,코스테이,인천광역시 연수구 하모니로 271 코스테이,O,2026-06-30 18:11:39,정상,,
tracking-20260928-v2,01-110,01 인천,코레일 송도역,인천광역시 연수구 비류대로 189,X,,계측 불가,고장,고장
tracking-20260928-v2,01-044,01 인천,송도 스마트밸리 C동,인천광역시 연수구 송도미래로 30 C동,O,2026-06-30 19:22:20,정상,,
tracking-20260928-v2,01-045,01 인천,인천항 국제여객터미널,인천광역시 연수구 국제항만대로326번길 57,O,2026-06-30 10:54:06,정상,,
tracking-20260928-v2,01-111,01 인천,인천 잭니클라우스 골프클럽,인천광역시 연수구 아카데미로 209,X,,계측 불가,고장,고장
tracking-20260928-v2,01-046,01 인천,인천항 크루즈터미널,인천광역시 연수구 국제항만대로 438,O,2026-06-30 10:54:04,정상,,
tracking-20260928-v2,01-112,01 인천,논현두손지젤타워/㈜메카,인천광역시 남동구 호구포로 201 지하2층,X,,계측 불가,모두 사용중,모두 사용중
tracking-20260928-v2,01-113,01 인천,인천남동우체국,인천광역시 남동구 논현로46번길 7,X,,계측 불가,모두 사용중,모두 사용중
tracking-20260928-v2,01-114,01 인천,송도 트리플스트리트,인천광역시 연수구 송도과학로16번길 33-3,X,,계측 불가,고장,고장
tracking-20260928-v2,01-115,01 인천,인천남동 골든프라자,인천광역시 남동구 논고개로 85 (논현동) 지하1층 램프 옆 주차장,X,,계측 불가,고장,고장
tracking-20260928-v2,01-047,01 인천,가온누리,인천광역시 남동구 소래역남로16번길 39,O,2026-07-02 14:19:39,정상,,
tracking-20260928-v2,01-048,01 인천,에코프라자,인천광역시 남동구 소래역남로 22,O,2026-07-02 14:14:19,정상,,
tracking-20260928-v2,01-049,01 인천,연수푸르지오3단지,인천광역시 연수구 먼우금로 218 연수푸르지오3단지,O,2026-07-02 09:39:39,정상,,
tracking-20260928-v2,01-050,01 인천,인천 라움타워,인천광역시 남동구 논고개로 73,O,2026-06-30 11:19:30,정상,,
tracking-20260928-v2,01-051,01 인천,논현휴먼시아달맞이마을5단지아파트,"인천광역시 남동구 논현로 105 (논현동, 논현휴먼시아달맞이마을5단지아파트)",O,2026-07-02 13:12:17,정상,,
tracking-20260928-v2,01-116,01 인천,인천시 남동구 LH인천지역본부,인천광역시 남동구 논현로46번길 23,X,,계측 불가,모두 사용중,모두 사용중
tracking-20260928-v2,01-052,01 인천,남동SD타워,인천광역시 남동구 은봉로 55 옥상층 주차장,O,2026-07-01 14:16:15,정상,,
tracking-20260928-v2,01-117,01 인천,논현시네마타워,인천광역시 남동구 논현로26번길 34 논현시네마타워,X,,계측 불가,고장,고장
tracking-20260928-v2,01-118,01 인천,주식회사 오토테크 실내주차장,인천광역시 남동구 남동서로 198,X,,계측 불가,고장,고장
tracking-20260928-v2,01-053,01 인천,연수푸르지오2단지-202동 지하2층,"인천광역시 연수구 벚꽃로 130-4 지하2층 04, 지하4층 04",O,2026-07-02 09:51:55,정상,,
tracking-20260928-v2,01-054,01 인천,장도초등학교,인천광역시 남동구 포구로 112 장도초등학교,O,2026-06-30 11:15:50,정상,,
tracking-20260928-v2,01-055,01 인천,인천엔아이씨지식산업센터,인천광역시 남동구 은봉로 52,O,2026-07-01 14:06:28,정상,,
tracking-20260928-v2,01-056,01 인천,송도테크노파크bt센터,인천광역시 연수구 송도과학로 56,O,2026-07-01 15:00:46,정상,,
tracking-20260928-v2,01-057,01 인천,송도 트리플스트리트(A/B/C/D동),인천광역시 연수구 송도과학로16번길 33-1 트리플스트리트(A/B/C/D동),O,2026-07-01 15:39:31,정상,,
tracking-20260928-v2,01-058,01 인천,논현2차푸르지오시티오피스텔,인천광역시 남동구 남동서로236번길 30 논현2차푸르지오시티오피스텔,O,2026-07-01 14:34:56,정상,,
tracking-20260928-v2,01-059,01 인천,인천시 선학동 공영주차장,인천광역시 연수구 비류대로541번길 14-7 옥상 주차장,O,2026-07-02 08:44:21,정상,,
tracking-20260928-v2,01-119,01 인천,송도건원테크노큐브,인천광역시 연수구 송도과학로16번길 13-18,X,,계측 불가,고장,고장
tracking-20260928-v2,01-060,01 인천,인천무유썬산야오피스텔,인천광역시 남동구 앵고개로847번길 80-1,O,2026-07-02 13:30:44,정상,,
tracking-20260928-v2,01-061,01 인천,부티크646,인천광역시 남동구 논현로26번길 12,O,2026-07-02 12:00:24,정상,,
tracking-20260928-v2,01-062,01 인천,인천시 연수구청,인천광역시 연수구 원인재로 115 연수구청 서문 우측 지상주차장 8기,O,2026-07-02 11:26:21,정상,,
tracking-20260928-v2,01-120,01 인천,시티짱빌딩,인천 남동구 앵고개로934번길 5,X,,계측 불가,고장,고장
tracking-20260928-v2,01-121,01 인천,인천시 연수역 북부공영주차장,인천광역시 연수구 연수동 587 지상 1층,X,,계측 불가,고장,고장
tracking-20260928-v2,01-122,01 인천,소래몰상가,인천광역시 남동구 소래역남로16번길 75 더타워상가(소래몰) 101동B1,X,,계측 불가,모두 사용중,모두 사용중
tracking-20260928-v2,01-123,01 인천,인천 이조식자재마트,인천광역시 남동구 소래역로46번길 31,X,,계측 불가,고장,고장
tracking-20260928-v2,01-124,01 인천,논현 라피에스타,인천광역시 남동구 논고개로 61,X,,계측 불가,고장,고장
tracking-20260928-v2,01-125,01 인천,에코메트로 더타워 오피스텔 (A구역),인천광역시 남동구 소래역남로 40 에코메트로 3차 더타워 오피스텔 101동B2(A구역),X,,계측 불가,모두 사용중,모두 사용중
tracking-20260928-v2,01-063,01 인천,연수영남아파트,인천광역시 연수구 새말로 111 연수영남아파트,O,2026-07-02 09:16:55,정상,,
tracking-20260928-v2,01-064,01 인천,연수대우아파트,"인천광역시 연수구 원인재로 237 (연수동, 대우1차아파트) 연수대우아파트",O,2026-07-02 09:13:47,정상,,
tracking-20260928-v2,01-126,01 인천,인천남동 인천제일교회,인천광역시 남동구 논현로 12 (논현동) 지상주차장,X,,계측 불가,고장,고장
tracking-20260928-v2,01-127,01 인천,더샵송도트리플타워SM3,인천광역시 연수구 송도과학로28번길 50,X,,계측 불가,고장,고장
tracking-20260928-v2,01-065,01 인천,인천 중기청,인천광역시 남동구 은봉로 82 인천 중기청,O,2026-07-01 14:23:23,정상,,
tracking-20260928-v2,01-128,01 인천,제너셈주식회사,인천광역시 연수구 송도과학로84번길 24,X,,계측 불가,고장,고장
tracking-20260928-v2,01-066,01 인천,인천연수 대우삼환아파트 1,인천광역시 연수구 원인재로 88 107동 앞 지상주차장,O,2026-07-02 11:33:50,정상,,
tracking-20260928-v2,01-067,01 인천,연수대동아파트,인천광역시 연수구 벚꽃로 172,O,2026-07-02 11:18:50,정상,,
tracking-20260928-v2,01-129,01 인천,송도더샵센트럴시티,인천광역시 연수구 송도국제대로 261 송도더샵센트럴시티,X,,계측 불가,고장,고장
tracking-20260928-v2,01-068,01 인천,인천 남동구 소래 제5공영주차장,인천광역시 남동구 논현동 66-99 인천광역시 남동구 논현동 66-99,O,2026-07-02 15:52:08,정상,,
tracking-20260928-v2,01-069,01 인천,한국도로교통공단 인천운전면허시험장,"인천광역시 남동구 아암대로 1247 (고잔동, 인천운전면허시험장)",O,2026-07-03 09:41:18,정상,,
tracking-20260928-v2,01-070,01 인천,베르디움더퍼스트아파트,인천광역시 연수구 송도문화로84번길 84 베르디움더퍼스트아파트,O,2026-06-30 19:45:39,정상,,
tracking-20260928-v2,01-071,01 인천,인천 한화에코메트로6단지2,"인천광역시 남동구 아암대로1503번길 98 지하2층주차장 601,607동사이 009기둥",O,2026-07-02 13:41:35,정상,,
tracking-20260928-v2,01-072,01 인천,인천시 남동구 삼천리기계,"인천광역시 남동구 남동대로 99 (고잔동) 1층 주차장 끝, 1주차장 3층",O,2026-07-01 11:25:30,정상,,
tracking-20260928-v2,01-073,01 인천,송도글로벌캠퍼스푸르지오 B2 77기둥,"인천광역시 연수구 송도문화로28번길 28 (송도동, 송도글로벌캠퍼스푸르지오)",O,2026-07-01 16:01:37,정상,,
tracking-20260928-v2,01-074,01 인천,한화에코메트로10단지,인천광역시 남동구 아암대로1503번길 21,O,2026-07-02 13:55:09,정상,,
tracking-20260928-v2,01-075,01 인천,송도 스마트밸리 A동 - 1,인천광역시 연수구 송도동 214 송도 BRC 스마트밸리 지식산업센터 지하주차장,O,2026-07-01 16:23:15,정상,,
tracking-20260928-v2,01-076,01 인천,만도브로제,인천광역시 연수구 첨단대로60번길 75,O,2026-07-01 16:15:37,정상,,
tracking-20260928-v2,01-077,01 인천,월드타워,인천광역시 남동구 서창남순환로216번길 12,O,2026-07-02 15:15:13,정상,,
tracking-20260928-v2,01-078,01 인천,마스타프라자(인천),인천광역시 남동구 서창남순환로215번길 17,O,2026-07-02 15:01:34,정상,,
tracking-20260928-v2,01-079,01 인천,해피프라자,인천광역시 남동구 서창남로 35,O,2026-07-02 15:45:12,정상,,
tracking-20260928-v2,01-130,01 인천,센타프라자,인천광역시 남동구 서창남순환로 222,X,,계측 불가,고장,고장
tracking-20260928-v2,01-080,01 인천,인천 서창먹거리타운주차장,인천광역시 남동구 서창남순환로10번길 16-10,O,2026-07-02 15:28:03,정상,,
tracking-20260928-v2,02-081,02 평택,삼성 반도체 건설사무실,경기도 평택시 첨단대로 280 삼성엔지니어링 신규캠프옆 컨테이너,X,,계측 불가,출입 불가,출입 불가
tracking-20260928-v2,02-082,02 평택,BMW차징스테이션 평택부성타워지식산업센터,경기도 평택시 산단로 95,X,,계측 불가,위치 이동,위치 이동
tracking-20260928-v2,02-083,02 평택,주식회사 에이치티(SP),경기도 평택시 고덕여염9길 40,X,,계측 불가,위치 확인 불가,위치 확인 불가
tracking-20260928-v2,02-001,02 평택,코트야드 바이 메리어트(평택),경기도 평택시 고덕면 첨단대로 110,O,2026-07-08 17:42:16,정상,,
tracking-20260928-v2,02-084,02 평택,고덕CN스퀘어 B2 10기둥,경기도 평택시 고덕여염9길 18,X,,계측 불가,충전 오류,충전 오류
tracking-20260928-v2,02-002,02 평택,삼익사이버아파트,경기도 평택시 동삭로 397 102동 뒤,O,2026-07-08 15:13:20,정상,,
tracking-20260928-v2,02-003,02 평택,평택 일등마트,경기도 평택시 새말로 17,O,2026-07-08 15:25:39,정상,,
tracking-20260928-v2,02-085,02 평택,평택 꿈땅주차장,경기도 평택시 고덕면 방축3길 66,X,,계측 불가,위치 확인 불가,위치 확인 불가
tracking-20260928-v2,02-086,02 평택,이앤아이 주차장,경기도 평택시 경기대로 1114 주차장 (장당동 415-8),X,,계측 불가,위치 이동,위치 이동
tracking-20260928-v2,02-087,02 평택,장당동주차장,경기도 평택시 노루댕이1길 19-5 장당동주차장,X,,계측 불가,위치 이동,위치 이동
tracking-20260928-v2,02-088,02 평택,농협하나로마트 평택물류센터,경기도 평택시 도일유통길 98 (도일동),X,,계측 불가,출입 불가,출입 불가
tracking-20260928-v2,02-089,02 평택,평택 효명고등학교(아마노),"경기도 평택시 송탄로 51 (장당동, 효명중고등학교) 후문 주차장",X,,계측 불가,출입 불가,출입 불가
tracking-20260928-v2,02-004,02 평택,경기평택 힐스테이트지제역퍼스티움 1,경기도 평택시 지제동삭3로 14,O,2026-07-08 14:41:29,정상,,
tracking-20260928-v2,02-005,02 평택,평택 아트센터,경기도 평택시 고덕로 310,O,2026-07-06 18:10:21,정상,,
tracking-20260928-v2,02-090,02 평택,SRT지제역,경기도 평택시 경기대로 777,X,,계측 불가,위치 확인 불가,위치 확인 불가
tracking-20260928-v2,02-006,02 평택,평택 고덕트라반트푸르지오시티,경기도 평택시 고덕중앙로 200-10,O,2026-07-08 18:26:04,정상,,
tracking-20260928-v2,02-091,02 평택,평택 중앙동주민센터,경기도 평택시 서정역로 16,X,,계측 불가,고장,고장
tracking-20260928-v2,02-007,02 평택,평택 힐스테이트평택2차,"경기도 평택시 세교6로 45 세교동, 힐스테이트 평택2차",O,2026-07-08 13:20:21,정상,,
tracking-20260928-v2,02-008,02 평택,평택시 어반센터프라자,경기도 평택시 고덕갈평5길 28,O,2026-07-09 13:50:45,정상,,
tracking-20260928-v2,02-009,02 평택,평택지제센트럴타워 A,경기도 평택시 세교산단로 37,O,2026-07-08 13:39:22,정상,,
tracking-20260928-v2,02-010,02 평택,평택 지제역삼부르네상스,경기도 평택시 세교8길 24 평택 지제역삼부르네상스,O,2026-07-08 13:05:44,정상,,
tracking-20260928-v2,02-011,02 평택,평택소사벌푸르지오아파트,경기도 평택시 평남로 996,O,2026-07-07 15:00:25,정상,,
tracking-20260928-v2,02-012,02 평택,평택소사벌호반베르디움 1105동,경기도 평택시 비전3로 116 평택소사벌호반베르디움 1105동,O,2026-07-07 14:40:56,정상,,
tracking-20260928-v2,02-013,02 평택,고덕STV지식산업센터(평택),경기도 평택시 고덕면 도시지원1길 19  고덕STV지식산업센터,O,2026-07-06 16:54:32,정상,,
tracking-20260928-v2,02-092,02 평택,S-월드 주차타워 지하 4층,경기도 평택시 고덕면 도시지원로 128 지하4층,X,,계측 불가,위치 확인 불가,위치 확인 불가
tracking-20260928-v2,02-014,02 평택,평택 스마트시티,경기도 평택시 비전3로 157 스마트시티,O,2026-07-07 14:26:01,정상,,
tracking-20260928-v2,02-015,02 평택,비전1동주민센터,경기도 평택시 평택2로 125,O,2026-07-07 12:39:46,정상,,
tracking-20260928-v2,02-093,02 평택,태산그린아파트,경기도 평택시 매봉산1길 11 태산그린아파트 101동,X,,계측 불가,kW 변경,kW 변경
tracking-20260928-v2,02-016,02 평택,평택시 스카이모텔,경기도 평택시 특구로 44,O,2026-07-09 17:11:34,정상,,
tracking-20260928-v2,02-094,02 평택,센트럴돔,경기도 평택시 비전5로 10 지하1층,X,,계측 불가,위치 확인 불가,위치 확인 불가
tracking-20260928-v2,02-017,02 평택,평택좋은프라자5차,경기도 평택시 비전5로 20-36,O,2026-07-07 13:51:34,정상,,
tracking-20260928-v2,02-018,02 평택,경기평택 평택농업협동조합,경기도 평택시 평택1로 45 지상주차장 18번,O,2026-07-07 09:52:51,정상,,
tracking-20260928-v2,02-095,02 평택,소사벌레포츠타운,경기도 평택시 평남로 616,X,,계측 불가,kW 변경,kW 변경
tracking-20260928-v2,02-096,02 평택,경기 평택시 서평택골프클럽,경기도 평택시 포승읍 포승향남로 218-10,X,,계측 불가,출입 불가,출입 불가
tracking-20260928-v2,02-097,02 평택,포승삼부르네상스2단지,경기도 평택시 포승읍 여술로43번길 18 포승삼부르네상스2단지,X,,계측 불가,선 없음,선 없음
tracking-20260928-v2,02-098,02 평택,평택포승모아미래도2단지,경기도 평택시 포승읍 여술로44번길 17 평택포승모아미래도2단지,X,,계측 불가,kW 변경,kW 변경
tracking-20260928-v2,02-019,02 평택,경기평택 포승지구모아미래도1단지아파트 1,경기도 평택시 포승읍 여술로 74 B1F 전기실 앞,O,2026-07-06 15:30:57,정상,,
tracking-20260928-v2,02-099,02 평택,포승삼부르네상스1단지,경기도 평택시 포승읍 포승공단순환로 403 포승삼부르네상스1단지,X,,계측 불가,kW 변경,kW 변경
tracking-20260928-v2,02-100,02 평택,경기평택 머크퍼포먼스머티리얼즈,경기도 평택시 포승읍 평택항로 306 지상 주차장,X,,계측 불가,출입 불가,출입 불가
tracking-20260928-v2,02-101,02 평택,주식회사스마트켐,경기도 평택시 포승읍 황해희곡3로 90 스마트켐,X,,계측 불가,kW 변경,kW 변경
tracking-20260928-v2,02-020,02 평택,평택당진항 국제여객터미널 제2주차장,경기도 평택시 포승읍 신영리 985-2  평택당진항 국제여객터미널 제2주차장,O,2026-07-06 14:28:24,정상,,
tracking-20260928-v2,02-021,02 평택,경기평택지방해양수산청,경기도 평택시 포승읍 평택항만길 116,O,2026-07-06 12:04:26,정상,,
tracking-20260928-v2,02-102,02 평택,경기평택 더스위트하버 2,경기도 평택시 포승읍 평택항로184번길 3-40 (더스위트하버) 실내주차장 지상2층 엘리베이터 우측,X,,계측 불가,출입 불가,출입 불가
tracking-20260928-v2,02-103,02 평택,평택고덕2차아이파크,경기도 평택시 경기대로 975 평택고덕2차아이파크,X,,계측 불가,위치 확인 불가,위치 확인 불가
tracking-20260928-v2,02-104,02 평택,평택고덕아이파크,경기도 평택시 경기대로 945 평택고덕아이파크,X,,계측 불가,kW 변경|선 없음,kW 변경|선 없음
tracking-20260928-v2,02-022,02 평택,평택중앙장례식장,경기도 평택시 경기대로 931,O,2026-07-08 17:01:16,정상,,
tracking-20260928-v2,02-105,02 평택,경기 평택시 함박산7길 45 (저압수용가),경기도 평택시 함박산7길 45 경기 평택시 함박산7길 45 (저압수용가),X,,계측 불가,위치 확인 불가,위치 확인 불가
tracking-20260928-v2,02-023,02 평택,고덕 국제신도시 리슈빌 레이크 파크,경기도 평택시 고덕국제6로 50,O,2026-07-06 17:46:29,정상,,
tracking-20260928-v2,02-024,02 평택,평택고덕LH17단지,경기도 평택시 고덕여염로 20 평택고덕엘에이치17단지,O,2026-07-06 18:37:56,정상,,
tracking-20260928-v2,02-106,02 평택,경기 평택시 고덕호반써밋더트리아츠아파트,경기도 평택시 고덕국제5로 100,X,,계측 불가,출입 불가,출입 불가
tracking-20260928-v2,02-107,02 평택,평택고덕센트레빌NHF3단지,경기도 평택시 고덕갈평3로 50 평택고덕센트레빌NHF3단지,X,,계측 불가,kW 변경,kW 변경
tracking-20260928-v2,02-108,02 평택,평택장당우미이노스빌2차 입주자대표회의,경기도 평택시 경기대로 1188,X,,계측 불가,kW 변경,kW 변경
tracking-20260928-v2,02-109,02 평택,경기평택 미주2차,경기도 평택시 송탄공원로 145 B1F 25번기둥,X,,계측 불가,선 없음,선 없음
tracking-20260928-v2,02-110,02 평택,케이티송탄빌딩,경기도 평택시 탄현로 220,X,,계측 불가,위치 이동,위치 이동
tracking-20260928-v2,02-111,02 평택,우리내 부동산빌딩,경기도 평택시 관광특구로 31 우리내 부동산빌딩,X,,계측 불가,kW 변경,kW 변경
tracking-20260928-v2,02-025,02 평택,평택시 이충레포츠공원,경기도 평택시 장안웃길 149,O,2026-07-09 16:01:38,정상,,
tracking-20260928-v2,02-026,02 평택,신장2동주민센터,경기도 평택시 밀월로21번길 7,O,2026-07-13 12:11:20,정상,,
tracking-20260928-v2,02-027,02 평택,경기평택 송탄우성아파트 1,경기도 평택시 지산2로 30 113동지상주차장,O,2026-07-09 17:37:44,정상,,
tracking-20260928-v2,02-112,02 평택,지산한양청솔아파트,경기도 평택시 지산2로 27 지산한양청솔아파트,X,,계측 불가,kW 변경,kW 변경
tracking-20260928-v2,02-028,02 평택,경기평택 지산동주민센터,경기도 평택시 송탄로 379,O,2026-07-09 18:37:41,정상,,
tracking-20260928-v2,02-113,02 평택,평택시 호텔코너인,경기도 평택시 탄현로 251-7,X,,계측 불가,위치 확인 불가,위치 확인 불가
tracking-20260928-v2,02-114,02 평택,이충부영1단지아파트 지상주차장,경기도 평택시 이충로 93-4,X,,계측 불가,고장,고장
tracking-20260928-v2,02-029,02 평택,추담마을 휴먼시아4단지아파트(평택),경기도 평택시 이충로 16,O,2026-07-09 15:10:36,정상,,
tracking-20260928-v2,02-115,02 평택,평택센트럴자이 3단지 (2),경기도 평택시 상서재로 55 평택센트럴자이 3단지 (2),X,,계측 불가,선 없음,선 없음
tracking-20260928-v2,02-116,02 평택,경기 평택시 영신1길 71 (저압수용가),경기도 평택시 영신1길 71 경기 평택시 영신1길 71 (저압수용가),X,,계측 불가,위치 확인 불가,위치 확인 불가
tracking-20260928-v2,02-117,02 평택,비전우림필유아파트,경기도 평택시 비전1로 69,X,,계측 불가,위치 확인 불가,위치 확인 불가
tracking-20260928-v2,02-118,02 평택,현대향촌아파트,경기도 평택시 세교3로 8 현대향촌아파트,X,,계측 불가,kW 변경,kW 변경
tracking-20260928-v2,02-030,02 평택,평택태영청솔103동,경기도 평택시 세교공원로 65,O,2026-07-07 12:05:11,정상,,
tracking-20260928-v2,02-119,02 평택,평택소사벌 해링턴 코트,경기도 평택시 죽백8길 37 평택소사벌 해링턴 코트,X,,계측 불가,kW 변경,kW 변경
tracking-20260928-v2,02-031,02 평택,우미린레이크파크아파트,경기도 평택시 죽백4로 40,O,2026-07-07 14:10:20,정상,,
tracking-20260928-v2,02-032,02 평택,경기평택 마제스트타워,경기도 평택시 산단로16번길 12 (모곡동) 지상1층 주차장 옆면,O,2026-07-13 18:46:26,정상,,
tracking-20260928-v2,02-120,02 평택,평택 프로방스레지던스,경기도 평택시 신장로 46,X,,계측 불가,위치 확인 불가,위치 확인 불가
tracking-20260928-v2,02-033,02 평택,어플라이드 머티어리얼즈(평택),경기도 평택시 산단로121번길 157,O,2026-07-08 15:45:22,정상,,
tracking-20260928-v2,02-034,02 평택,평택시 로그인모텔,경기도 평택시 평택로39번길 17-5 주차장,O,2026-07-07 09:26:11,정상,,
tracking-20260928-v2,02-121,02 평택,평택메디슨스퀘어3차,경기도 평택시 신장1로17번길 22,X,,계측 불가,출입 불가,출입 불가
tracking-20260928-v2,02-035,02 평택,경기평택 군문주공2단지 202동,경기도 평택시 원평로25번길 61 212동 지하2층 휀룸실옆 6대,O,2026-07-07 09:05:47,정상,,
tracking-20260928-v2,02-036,02 평택,나이스글로벌(주),경기도 평택시 고덕중앙2로 55-3,O,2026-07-08 18:58:27,정상,,
tracking-20260928-v2,02-122,02 평택,평택고덕 35단지,경기도 평택시 고덕순환대로 579 평택고덕 35단지,X,,계측 불가,kW 변경,kW 변경
tracking-20260928-v2,02-037,02 평택,평이안아파트,경기도 평택시 동삭로 371,O,2026-07-13 17:27:14,정상,,
tracking-20260928-v2,02-123,02 평택,우성꿈그린아파트,경기도 평택시 세교3로 5 우성꿈그린아파트,X,,계측 불가,kW 변경,kW 변경
tracking-20260928-v2,02-038,02 평택,서정관광특구공영주차장,경기도 평택시 관광특구로 27,O,2026-07-08 21:17:25,정상,,
tracking-20260928-v2,02-124,02 평택,평택라마다앙코르호텔(ino),경기도 평택시 포승읍 평택항로184번길 3-10 B1-3 기둥,X,,계측 불가,모두 사용중,모두 사용중
tracking-20260928-v2,02-039,02 평택,이한렉스빌플러스,경기도 평택시 송탄로 385,O,2026-07-13 10:58:22,정상,,
tracking-20260928-v2,02-040,02 평택,경기평택 대진아파트 1,경기도 평택시 이충로 107 지하주차장,O,2026-07-08 20:57:54,정상,,
tracking-20260928-v2,02-041,02 평택,평택 우성고덕타워(7kW),경기도 평택시 고덕중앙로 200-4 (고덕동),O,2026-07-08 18:42:04,정상,,
tracking-20260928-v2,02-042,02 평택,평택 라마다호텔,경기도 평택시 포승읍 평택항로184번길 3-24 라마다호텔,O,2026-07-06 10:58:17,정상,,
tracking-20260928-v2,02-125,02 평택,부영원앙2차,경기도 평택시 세교공원로 33 부영원앙2차,X,,계측 불가,고장|kW 변경,고장|kW 변경
tracking-20260928-v2,02-043,02 평택,평택 장당프라자,경기도 평택시 경기대로 1194,O,2026-07-08 20:42:40,정상,,
tracking-20260928-v2,02-044,02 평택,평택 장당 우미이노스빌5차,경기도 평택시 경기대로 1200 평택 장당 우미이노스빌5차,O,2026-07-09 13:33:18,정상,,
tracking-20260928-v2,02-126,02 평택,신장동힐스타오피스텔,경기도 평택시 송탄2로9번길 55,X,,계측 불가,위치 확인 불가,위치 확인 불가
tracking-20260928-v2,02-045,02 평택,평택대옥7차아파트,경기도 평택시 탄현로 206,O,2026-07-13 11:40:40,정상,,
tracking-20260928-v2,02-046,02 평택,경기평택 세경아파트,"경기도 평택시 특구로27번길 16 지상1층 9,10동 사이",O,2026-07-09 09:41:17,정상,,
tracking-20260928-v2,02-127,02 평택,송탄한양아파트,경기도 평택시 송탄로 69-8 송탄한양아파트,X,,계측 불가,선 없음,선 없음
tracking-20260928-v2,02-047,02 평택,평택 로데오1103,경기도 평택시 비전5로 20-24,O,2026-07-07 16:39:46,정상,,
tracking-20260928-v2,02-048,02 평택,평택이충부영3단지아파트,경기도 평택시 이충로 93-20 평택이충부영3단지아파트,O,2026-07-08 21:47:09,정상,,
tracking-20260928-v2,02-049,02 평택,경기평택 평택장당3차우미이노스빌,경기도 평택시 경기대로 1177 303동 앞 지상주차장,O,2026-07-13 15:27:47,정상,,
tracking-20260928-v2,02-050,02 평택,지제역동문굿모닝힐맘시티2,경기도 평택시 신촌3로 12,O,2026-07-13 18:28:47,정상,,
tracking-20260928-v2,02-051,02 평택,평택 이충부영2단지,경기도 평택시 이충로 93-15 관리동 옆 지상주차장,O,2026-07-09 15:43:08,정상,,
tracking-20260928-v2,02-052,02 평택,동삭동현대아파트,경기도 평택시 동삭로 386,O,2026-07-13 17:39:05,정상,,
tracking-20260928-v2,02-128,02 평택,영신초등학교,"경기도 평택시 지제동삭2로 123 (세교동, 영신초등학교)",X,,계측 불가,충전 오류|단선|고장,충전 오류|단선|고장
tracking-20260928-v2,02-053,02 평택,평택 고덕경기행복주택,경기도 평택시 고덕갈평3로 40,O,2026-07-13 14:36:54,정상,,
tracking-20260928-v2,02-129,02 평택,평택 대양아리스타2차,경기도 평택시 송탄1로 50 평택 대양아리스타2차,X,,계측 불가,출입 불가,출입 불가
tracking-20260928-v2,02-054,02 평택,경기평택 시대한우리아파트 1,"경기도 평택시 문화촌로 33 (비전동, 시대한우리아파트) 103동뒤 기계실옆 지상",O,2026-07-07 16:52:55,정상,,
tracking-20260928-v2,02-055,02 평택,장당우미이노스빌1차,경기도 평택시 경기대로 1166 장당우미이노스빌1차,O,2026-07-13 15:43:07,정상,,
tracking-20260928-v2,02-130,02 평택,평택시 송탄출장소,경기도 평택시 경기대로 1366,X,,계측 불가,kW 변경,kW 변경
tracking-20260928-v2,02-056,02 평택,서정리역지하공영주차장,경기도 평택시 고덕갈평로 86 (고덕동),O,2026-07-10 11:34:16,정상,,
tracking-20260928-v2,02-057,02 평택,소사벌제1공영주차장,경기도 평택시 비전5로 33,O,2026-07-07 16:18:46,정상,,
tracking-20260928-v2,02-058,02 평택,제일하이빌1단지,경기도 평택시 경기대로 1155,O,2026-07-13 16:10:35,정상,,
tracking-20260928-v2,02-131,02 평택,소사벌리더스하임,경기도 평택시 비전3로 59 소사벌리더스하임,X,,계측 불가,kW 변경,kW 변경
tracking-20260928-v2,02-059,02 평택,경기평택 대림아파트 2,경기도 평택시 지산로 101 104동 1.2라인 앞 1층 지상스탠드폴형,O,2026-07-13 10:33:25,정상,,
tracking-20260928-v2,02-060,02 평택,경기평택 센트럴해링턴플레이스아파트,"경기도 평택시 평남로 865 B12기둥, 122동 105동 사이 휀룸, 114동 115동 사이 휀룸실",O,2026-07-07 15:58:59,정상,,
tracking-20260928-v2,02-061,02 평택,힐스테이트 지제역 (완속충전기),경기도 평택시 지제동삭1로 91 힐스테이트 지제역 (완속충전기),O,2026-07-13 16:35:55,정상,,
tracking-20260928-v2,02-132,02 평택,제일하이빌2단지,경기도 평택시 경기대로 1144 제일하이빌2단지,X,,계측 불가,단선,단선
tracking-20260928-v2,02-062,02 평택,경기평택 한빛아파트 2,경기도 평택시 평남로 737 101동 3.4라인 앞 1층 지상스탠드폴형,O,2026-07-07 17:02:59,정상,,
tracking-20260928-v2,02-063,02 평택,동성한아름아파트,경기도 평택시 문화촌로 10 동성한아름아파트,O,2026-07-07 17:14:26,정상,,
tracking-20260928-v2,02-064,02 평택,경기평택 현대이화아파트 4,경기도 평택시 평택5로114번길 13 104동 뒷편 지상주차장 _3대,O,2026-07-07 17:37:32,정상,,
tracking-20260928-v2,02-133,02 평택,반도유보라아이비파크2단지,경기도 평택시 비전2로 317 반도유보라아이비파크2단지,X,,계측 불가,kW 변경,kW 변경
tracking-20260928-v2,02-065,02 평택,경기평택 동문굿모닝힐맘시티3단지 7,"경기도 평택시 신촌5로 20 (칠원동, 평택지제역동문굿모닝힐맘시티3단지) 지상주차장 302동 앞",O,2026-07-13 18:17:40,정상,,
tracking-20260928-v2,02-066,02 평택,평택대광교회,경기도 평택시 만세로 1854,O,2026-07-07 15:15:08,정상,,
tracking-20260928-v2,02-067,02 평택,서정마을금호타운아파트 105동,경기도 평택시 지장로27번길 100,O,2026-07-13 11:56:43,정상,,
tracking-20260928-v2,02-068,02 평택,경기평택 제일아파트,경기도 평택시 지산2로 95 102동 옆 지상 주차장,O,2026-07-13 10:43:38,정상,,
tracking-20260928-v2,02-069,02 평택,만도사원,경기도 평택시 포승읍 연암길 46,O,2026-07-06 11:22:29,정상,,
tracking-20260928-v2,02-070,02 평택,서정리장례식장,경기도 평택시 정암로 78-14 서정리장례식장 지상주차장 1층 분리수거장 옆,O,2026-07-13 15:12:28,정상,,
tracking-20260928-v2,02-071,02 평택,전기안전공사 평택안성지사,경기도 평택시 비전2로 79,O,2026-07-07 15:22:42,정상,,
tracking-20260928-v2,02-134,02 평택,송탄청천아파트,경기도 평택시 서정로 219,X,,계측 불가,위치 확인 불가,위치 확인 불가
tracking-20260928-v2,02-072,02 평택,평택시 아주2차 아파트,경기도 평택시 지산천로 40 평택시 아주2차 아파트,O,2026-07-13 09:22:33,정상,,
tracking-20260928-v2,02-073,02 평택,경기평택 소사배꽃마을4단지3,경기도 평택시 비전2로 110 3동 3휀룸실 B04기둥,O,2026-07-07 15:42:11,정상,,
tracking-20260928-v2,02-074,02 평택,에이스퍼스트고덕,경기도 평택시 고덕중앙로 290 (고덕동),O,2026-07-08 20:25:57,정상,,
tracking-20260928-v2,02-075,02 평택,평택시 더샵지제역센트럴파크1BL,"경기도 평택시 지제동삭1로 163 103,115동 B1,108,109,123,124,125,126,110,111,117,118,120,121동 B2",O,2026-07-13 16:52:33,정상,,
tracking-20260928-v2,02-135,02 평택,고덕파라곤 101동 지하1층주차장 48기둥,경기도 평택시 고덕국제대로 180,X,,계측 불가,모두 사용중,모두 사용중
tracking-20260928-v2,02-076,02 평택,평택고덕지구 M빌딩(태영이엔씨),경기도 평택시 고덕로 381 M 타워빌딩,O,2026-07-09 10:16:15,정상,,
tracking-20260928-v2,02-136,02 평택,화신노블레스6차,경기도 평택시 신장1로 37,X,,계측 불가,출입 불가,출입 불가
tracking-20260928-v2,02-077,02 평택,송탄삼익아파트,경기도 평택시 경기대로 1578 독곡동삼익2차아파트,O,2026-07-13 09:12:23,정상,,
tracking-20260928-v2,02-078,02 평택,평택 해밀프라자,경기도 평택시 상서재로2길 56-17,O,2026-07-13 17:59:35,정상,,
tracking-20260928-v2,02-137,02 평택,천일국제물류2,경기도 평택시 포승읍 만호리 637 천일국제물류,X,,계측 불가,출입 불가,출입 불가
tracking-20260928-v2,02-079,02 평택,경기평택 고덕파라곤에듀포레아파트 1,경기도 평택시 고덕국제8로 91 906동 지하1층 전기실 앞 3대,O,2026-07-09 11:27:02,정상,,
tracking-20260928-v2,02-080,02 평택,HL만도 평택1,경기도 평택시 포승읍 하만호길 32 HL만도 평택사옥 주차장,O,2026-07-06 11:46:09,정상,,
tracking-20260928-v2,02-138,02 평택,평택 고덕국제신도시아너스①_B1F 휀룸 11 앞,경기도 평택시 고덕율포1로 10 평택 고덕국제신도시아너스,X,,계측 불가,출입 불가,출입 불가
tracking-20260928-v2,02-139,02 평택,경기평택 군문주공1단지아파트 1,경기도 평택시 원평로25번길 63 103동 B1F 프리액션밸브실옆,X,,계측 불가,kW 변경,kW 변경
tracking-20260928-v2,03-001,03 이천_여주,원익 IPS 이천 사업장,경기도 이천시 대월면 경충대로2003번길 124-172,O,2026-07-14 17:42:40,정상,,
tracking-20260928-v2,03-002,03 이천_여주,이천 미지프라자,경기도 이천시 부발읍 경충대로2110번길 14-1 미지프라자,O,2026-07-14 18:58:09,정상,,
tracking-20260928-v2,03-081,03 이천_여주,경기 이천시 에프에이유(7kW),경기도 이천시 대산로288번길 107 에프에이유,X,,계측 불가,불법주차,불법주차
tracking-20260928-v2,03-082,03 이천_여주,이천 지평더웰아이오피스텔,경기도 이천시 부발읍 경충대로2092번길 25 지평더웰아이오피스텔,X,,계측 불가,불법주차,불법주차
tracking-20260928-v2,03-083,03 이천_여주,1급장록자동차공업사,경기도 이천시 부발읍 대산로 406-1 1급장록자동차공업사,X,,계측 불가,불법주차,불법주차
tracking-20260928-v2,03-003,03 이천_여주,한국도로공사 이천지사,경기도 이천시 부발읍 경충대로 2042 지상주차장,O,2026-07-14 18:11:06,정상,,
tracking-20260928-v2,03-004,03 이천_여주,현대성우1단지,경기도 이천시 부발읍 경충대로2092번길 39-52,O,2026-07-14 19:05:53,정상,,
tracking-20260928-v2,03-005,03 이천_여주,거평아파트,경기도 이천시 부발읍 경충대로 2227,O,2026-07-15 11:02:36,정상,,
tracking-20260928-v2,03-006,03 이천_여주,이천사동리현대5차아파트,경기도 이천시 대월면 경충대로2050번길 104,O,2026-07-14 18:18:27,정상,,
tracking-20260928-v2,03-007,03 이천_여주,신하리 신한2차아파트,경기도 이천시 부발읍 경충대로 2216-31,O,2026-07-15 11:13:11,정상,,
tracking-20260928-v2,03-008,03 이천_여주,BMW차징스테이션 그린파크골프클럽  by도이치모터스,경기도 이천시 대월면 대월로 926,O,2026-07-14 15:57:02,정상,,
tracking-20260928-v2,03-009,03 이천_여주,OB맥주 이천공장,경기도 이천시 부발읍 경충대로 2314 직원주차장/고객주차장/맥주박물관 앞,O,2026-07-15 11:28:17,정상,,
tracking-20260928-v2,03-010,03 이천_여주,이천시 대월면행정복지센터,경기도 이천시 대월면 사동로 1-10 본관/도서관사이 주차장,O,2026-07-17 08:43:40,정상,,
tracking-20260928-v2,03-084,03 이천_여주,이천 우리테크놀로지,경기도 이천시 대월면 대평로 18,X,,계측 불가,고장,고장
tracking-20260928-v2,03-011,03 이천_여주,복하천 제4수변 공영주차장(이천),경기도 이천시 효양로 46,O,2026-07-15 13:43:48,정상,,
tracking-20260928-v2,03-012,03 이천_여주,노동자복지관(이천),경기도 이천시 부발읍 무촌로18번길 60-26,O,2026-07-15 11:59:32,정상,,
tracking-20260928-v2,03-013,03 이천_여주,아모르컨벤션웨딩,경기도 이천시 이섭대천로 921 실외주차장,O,2026-07-15 15:24:26,정상,,
tracking-20260928-v2,03-014,03 이천_여주,이천설봉온천,경기도 이천시 애련정로 67-16 이천설봉온천 지상주차장,O,2026-07-16 17:01:19,정상,,
tracking-20260928-v2,03-085,03 이천_여주,피아이건설,경기도 이천시 고래실길 19 피아이건설,X,,계측 불가,출입 불가|위치 확인 불가,출입 불가|위치 확인 불가
tracking-20260928-v2,03-086,03 이천_여주,이천라온빌,경기도 이천시 애련정로103번길 6,X,,계측 불가,위치 확인 불가,위치 확인 불가
tracking-20260928-v2,03-015,03 이천_여주,이천유산양우내안愛아파트,경기도 이천시 호법면 중부대로 909-28,O,2026-07-15 15:00:37,정상,,
tracking-20260928-v2,03-087,03 이천_여주,이천시청,"경기도 이천시 부악로 40 (중리동, 이천시청)",X,,계측 불가,불법주차,불법주차
tracking-20260928-v2,03-016,03 이천_여주,이천농업기술센터,경기도 이천시 부악로 38-52 이천농업기술센터,O,2026-07-15 16:27:29,정상,,
tracking-20260928-v2,03-017,03 이천_여주,이천증포한양수자인5단지아파트,경기도 이천시 아리역로38번길 50,O,2026-07-15 18:34:03,정상,,
tracking-20260928-v2,03-018,03 이천_여주,한솔솔파크3차아파트,경기도 이천시 이섭대천로 1451,O,2026-07-16 11:01:40,정상,,
tracking-20260928-v2,03-019,03 이천_여주,설봉공원주차장,경기도 이천시 경충대로2709번길 128 설봉공원 제1주차장,O,2026-07-15 16:52:18,정상,,
tracking-20260928-v2,03-020,03 이천_여주,수림1차아파트,경기도 이천시 증신로291번길 105,O,2026-07-15 17:45:25,정상,,
tracking-20260928-v2,03-021,03 이천_여주,㈜영원무역,경기도 이천시 호법면 프리미엄아울렛로 177-177,O,2026-07-15 14:07:52,정상,,
tracking-20260928-v2,03-088,03 이천_여주,하동공영주차장,"경기도 여주시 하동 405-1 (하동, 공영주차장)",X,,계측 불가,고장,고장
tracking-20260928-v2,03-089,03 이천_여주,창동타워주차장,"경기도 여주시 세종로40번길 25 (창동, 공영주차장)",X,,계측 불가,불법주차,불법주차
tracking-20260928-v2,03-090,03 이천_여주,신륵사 관광단지,"경기도 여주시 천송동 544-1 (천송동, 도자박물관)",X,,계측 불가,고장,고장
tracking-20260928-v2,03-091,03 이천_여주,CGV 이천,경기도 이천시 중리천로 58 CGV 이천,X,,계측 불가,위치 확인 불가,위치 확인 불가
tracking-20260928-v2,03-092,03 이천_여주,증일동현대홈타운 지하1층105동 입구 좌측,경기도 이천시 구만리로 42,X,,계측 불가,kW 변경,kW 변경
tracking-20260928-v2,03-093,03 이천_여주,경기이천 마리나산부인과의원,경기도 이천시 경충대로 2564 (중리동) 지상1층주차장,X,,계측 불가,위치 확인 불가,위치 확인 불가
tracking-20260928-v2,03-022,03 이천_여주,이천시 관고동행정복지센터,경기도 이천시 설봉로 65,O,2026-07-16 14:14:11,정상,,
tracking-20260928-v2,03-023,03 이천_여주,청소년생활문화센터(이천),경기도 이천시 애련정로 29,O,2026-07-16 17:13:10,정상,,
tracking-20260928-v2,03-024,03 이천_여주,롯데프리미엄아울렛 이천점,경기도 이천시 호법면 프리미엄아울렛로 177-74 롯데프리미엄아울렛 이천점,O,2026-07-15 14:16:58,정상,,
tracking-20260928-v2,03-094,03 이천_여주,이천 카카오VX 공장,경기도 이천시 호법면 안평리 73-1,X,,계측 불가,불법주차,불법주차
tracking-20260928-v2,03-025,03 이천_여주,의료법인 예닮의료재단,경기도 이천시 호법면 중부대로 797-26 의료법인예닮의료재단,O,2026-07-15 14:49:29,정상,,
tracking-20260928-v2,03-095,03 이천_여주,여주정광휴레나아파트,경기도 여주시 점곡길 10-3 여주정광휴레나아파트,X,,계측 불가,선 없음,선 없음
tracking-20260928-v2,03-096,03 이천_여주,임산물유통센터,경기도 여주시 농산로 90 임산물유통센터,X,,계측 불가,출입 불가,출입 불가
tracking-20260928-v2,03-026,03 이천_여주,여주농업기술센터,경기도 여주시 농산로 71 농업기술센터,O,2026-07-14 14:04:17,정상,,
tracking-20260928-v2,03-097,03 이천_여주,예일세띠앙아파트,경기도 여주시 세종로 204-22 예일세띠앙아파트,X,,계측 불가,kW 변경,kW 변경
tracking-20260928-v2,03-027,03 이천_여주,여주역푸르지오클라테르아파트,경기도 여주시 세종로 220,O,2026-07-14 11:32:46,정상,,
tracking-20260928-v2,03-028,03 이천_여주,여주고등학교,경기도 여주시 세종로 254-58,O,2026-07-14 12:16:58,정상,,
tracking-20260928-v2,03-098,03 이천_여주,여주KCC스위첸,경기도 여주시 강변북로 2 여주KCC스위첸,X,,계측 불가,kW 변경,kW 변경
tracking-20260928-v2,03-029,03 이천_여주,일성레저산업남한강지점,경기도 여주시 신륵로 5,O,2026-07-14 09:39:23,정상,,
tracking-20260928-v2,03-030,03 이천_여주,이안여주강변아파트,경기도 여주시 도예로 40,O,2026-07-14 09:10:22,정상,,
tracking-20260928-v2,03-031,03 이천_여주,영동아파트,경기도 여주시 현암3길 29,O,2026-07-14 09:00:04,정상,,
tracking-20260928-v2,03-032,03 이천_여주,상우아파트,경기도 여주시 세종로 173-65,O,2026-07-14 11:07:25,정상,,
tracking-20260928-v2,03-099,03 이천_여주,보니치니골프랜드,경기도 여주시 삼밭골길 38 보니치니골프랜드,X,,계측 불가,고장,고장
tracking-20260928-v2,03-100,03 이천_여주,여주프리미엄아울렛 프리미엄주차장,"경기도 여주시 명품로 360 (상거동, 여주프리미엄아울렛)",X,,계측 불가,불법주차,불법주차
tracking-20260928-v2,03-033,03 이천_여주,기영아파트,경기도 이천시 부발읍 경충대로 1918-18,O,2026-07-14 15:23:26,정상,,
tracking-20260928-v2,03-034,03 이천_여주,이천시 도드람양돈협동조합,경기도 이천시 부발읍 경충대로 1917,O,2026-07-14 15:30:05,정상,,
tracking-20260928-v2,03-035,03 이천_여주,지엠하이빌아파트,경기도 이천시 대산로247번길 50,O,2026-07-14 16:25:09,정상,,
tracking-20260928-v2,03-036,03 이천_여주,또깡,경기도 여주시 칠산길 8,O,2026-07-14 09:59:20,정상,,
tracking-20260928-v2,03-037,03 이천_여주,두풍리치빌아파트,경기도 여주시 여주남로 61,O,2026-07-17 12:46:58,정상,,
tracking-20260928-v2,03-101,03 이천_여주,이천 신안실크밸리,경기도 이천시 백사면 이여로 204 이천 신안실크밸리,X,,계측 불가,kW 변경,kW 변경
tracking-20260928-v2,03-102,03 이천_여주,주식회사 효자원,경기도 이천시 백사면 지읍로 169 주식회사 효자원,X,,계측 불가,고장,고장
tracking-20260928-v2,03-038,03 이천_여주,신일해피트리아파트,경기도 이천시 갈산로87번길 59,O,2026-07-16 11:39:15,정상,,
tracking-20260928-v2,03-039,03 이천_여주,이천한사랑의원,경기도 이천시 이섭대천로 1387 이천한사랑의원,O,2026-07-15 18:49:49,정상,,
tracking-20260928-v2,03-040,03 이천_여주,이천농협 본점,경기도 이천시 영창로 235,O,2026-07-16 15:40:43,정상,,
tracking-20260928-v2,03-041,03 이천_여주,이천롯데캐슬골드스카이,경기도 이천시 구만리로 191,O,2026-07-16 16:50:48,정상,,
tracking-20260928-v2,03-042,03 이천_여주,이천축산농협,경기도 이천시 구만리로 107 이천축산농협,O,2026-07-16 16:20:08,정상,,
tracking-20260928-v2,03-103,03 이천_여주,이천시 동림환경,경기도 이천시 부발읍 중부대로1390번길 99,X,,계측 불가,위치 확인 불가,위치 확인 불가
tracking-20260928-v2,03-104,03 이천_여주,효양고등학교,경기도 이천시 부발읍 대산로545번길 55,X,,계측 불가,출입 불가,출입 불가
tracking-20260928-v2,03-043,03 이천_여주,코레일 부발역,경기도 이천시 부발읍 신아로 87 지상주차장,O,2026-07-15 10:52:12,정상,,
tracking-20260928-v2,03-044,03 이천_여주,신원아침도시아파트,경기도 이천시 대월면 경충대로2003번길 102 이천 사동 신원아침도시아파트,O,2026-07-14 17:34:50,정상,,
tracking-20260928-v2,03-045,03 이천_여주,이천아미현대3차아파트,경기도 이천시 부발읍 경충대로 2037,O,2026-07-14 17:57:17,정상,,
tracking-20260928-v2,03-046,03 이천_여주,이천시청_이천 공설운동장,경기도 이천시 서희로 11,O,2026-07-16 14:27:49,정상,,
tracking-20260928-v2,03-047,03 이천_여주,한국전기안전공사 이천여주지사,경기도 이천시 경충대로 2839-17,O,2026-07-15 17:25:14,정상,,
tracking-20260928-v2,03-048,03 이천_여주,대원칸타빌2차,경기도 이천시 아리역로76번길 14,O,2026-07-15 18:13:30,정상,,
tracking-20260928-v2,03-049,03 이천_여주,대림휴먼빌아파트,경기도 이천시 이섭대천로1407번길 20,O,2026-07-16 11:12:35,정상,,
tracking-20260928-v2,03-050,03 이천_여주,이천시청_남천상가,경기도 이천시 어재연로10번길 25,O,2026-07-16 14:49:54,정상,,
tracking-20260928-v2,03-051,03 이천_여주,삼성명가타운아파트,경기도 여주시 세종로 255,O,2026-07-14 12:02:04,정상,,
tracking-20260928-v2,03-105,03 이천_여주,여주 인텔존,경기도 여주시 강변로 158 여주 인텔존,X,,계측 불가,위치 확인 불가,위치 확인 불가
tracking-20260928-v2,03-052,03 이천_여주,코레일 이천역,경기도 이천시 이섭대천로 1063 지상주차장,O,2026-07-15 15:58:30,정상,,
tracking-20260928-v2,03-106,03 이천_여주,이천경찰서,경기도 이천시 부악로 32,X,,계측 불가,위치 확인 불가,위치 확인 불가
tracking-20260928-v2,03-053,03 이천_여주,이천갈산동현진에버빌아파트,경기도 이천시 안흥로 60,O,2026-07-16 11:59:45,정상,,
tracking-20260928-v2,03-054,03 이천_여주,이천시 IMT호텔,경기도 이천시 중리천로97번길 47,O,2026-07-16 15:27:18,정상,,
tracking-20260928-v2,03-055,03 이천_여주,이천증포대우3차아파트,경기도 이천시 이섭대천로1407번길 35 증포3차대우아파트 302동 위 옥외주차장,O,2026-07-16 11:19:50,정상,,
tracking-20260928-v2,03-056,03 이천_여주,사동6차현대아파트,경기도 이천시 대월면 경충대로2050번길 70-50,O,2026-07-14 18:38:40,정상,,
tracking-20260928-v2,03-107,03 이천_여주,여흥초등학교,경기도 여주시 여양로 91 여흥초등학교,X,,계측 불가,출입 불가,출입 불가
tracking-20260928-v2,03-108,03 이천_여주,양정빌딩(이천),경기도 이천시 영창로 202,X,,계측 불가,위치 확인 불가,위치 확인 불가
tracking-20260928-v2,03-109,03 이천_여주,기아 이천지점,경기도 이천시 서희로 2,X,,계측 불가,출입 불가,출입 불가
tracking-20260928-v2,03-110,03 이천_여주,여주호반리젠시빌,경기도 여주시 세종로 254-16,X,,계측 불가,충전 오류,충전 오류
tracking-20260928-v2,03-057,03 이천_여주,이천현진에버빌1차아파트,경기도 이천시 아리역로 37,O,2026-07-15 18:26:57,정상,,
tracking-20260928-v2,03-058,03 이천_여주,이마트여주점E,경기도 여주시 세종로 151 이마트여주점 옥상2층,O,2026-07-14 11:16:59,정상,,
tracking-20260928-v2,03-111,03 이천_여주,여주시중앙동행정복지센터,경기도 여주시 여흥로11번길 26,X,,계측 불가,고장,고장
tracking-20260928-v2,03-059,03 이천_여주,경기도의료원 이천병원,경기도 이천시 경충대로 2742,O,2026-07-15 17:08:35,정상,,
tracking-20260928-v2,03-060,03 이천_여주,여주현진에버빌,경기도 여주시 여양로 341-10,O,2026-07-17 13:49:47,정상,,
tracking-20260928-v2,03-061,03 이천_여주,코레일 여주역,경기도 여주시 교동로 80 지상주차장,O,2026-07-17 12:31:45,정상,,
tracking-20260928-v2,03-112,03 이천_여주,여주신도브래뉴,경기도 여주시 학동2길 12 여주신도브래뉴,X,,계측 불가,출입 불가,출입 불가
tracking-20260928-v2,03-113,03 이천_여주,이천라온프라이빗,경기도 이천시 증신로325번길 39,X,,계측 불가,충전 오류,충전 오류
tracking-20260928-v2,03-062,03 이천_여주,현대전자산업(주)사원아파트,경기도 이천시 대월면 경충대로2041번길 167,O,2026-07-15 09:05:11,정상,,
tracking-20260928-v2,03-114,03 이천_여주,여주시 에버그린영농조합,경기도 여주시 점곡길 70 주차장,X,,계측 불가,모두 사용중,모두 사용중
tracking-20260928-v2,03-115,03 이천_여주,여주하리현대,경기도 여주시 청심로 79,X,,계측 불가,고장,고장
tracking-20260928-v2,03-063,03 이천_여주,수원지방법원 여주지원,경기도 여주시 현암로 21-12,O,2026-07-17 13:27:39,정상,,
tracking-20260928-v2,03-116,03 이천_여주,이천시 기아행복한대리점,경기도 이천시 이섭대천로 1023,X,,계측 불가,출입 불가,출입 불가
tracking-20260928-v2,03-117,03 이천_여주,종합운동장,"경기도 여주시 영릉로 123 (월송동, 여주종합운동장)",X,,계측 불가,kW 변경,kW 변경
tracking-20260928-v2,03-064,03 이천_여주,경기이천(주)리진,경기도 이천시 호법면 안평로 171,O,2026-07-16 08:12:55,정상,,
tracking-20260928-v2,03-118,03 이천_여주,이마트 여주물류센터,경기도 여주시 웅골로 161,X,,계측 불가,출입 불가|위치 확인 불가,출입 불가|위치 확인 불가
tracking-20260928-v2,03-065,03 이천_여주,여주점봉 부영아파트,경기도 여주시 세종로 394-10 여주점봉 부영아파트,O,2026-07-17 11:39:29,정상,,
tracking-20260928-v2,03-066,03 이천_여주,호법포레(이천),경기도 이천시 호법면 중부대로798번길 177,O,2026-07-16 08:30:13,정상,,
tracking-20260928-v2,03-067,03 이천_여주,(주) 에이치케이씨,경기도 이천시 부발읍 황무로2065번길 72-39,O,2026-07-17 09:53:01,정상,,
tracking-20260928-v2,03-068,03 이천_여주,경기이천 이천현진에버빌2차아파트 1,경기도 이천시 경충대로2996번길 16 201동 앞 지상주차장,O,2026-07-16 09:56:14,정상,,
tracking-20260928-v2,03-069,03 이천_여주,마장레포츠공원,경기도 이천시 마장면 서이천로 200,O,2026-07-16 08:47:17,정상,,
tracking-20260928-v2,03-070,03 이천_여주,이천티앤에스산업,경기도 이천시 신둔면 둔터로124번길 74-22,O,2026-07-16 09:43:02,정상,,
tracking-20260928-v2,03-071,03 이천_여주,제너시스,경기도 이천시 마장면 서이천로528번길 188 제너시스,O,2026-07-16 09:06:04,정상,,
tracking-20260928-v2,03-119,03 이천_여주,여흥체육공원,"경기도 여주시 명성로 221 (능현동, 여흥체육공원)",X,,계측 불가,고장,고장
tracking-20260928-v2,03-120,03 이천_여주,한국콜마홀딩스,경기도 여주시 영릉로 312,X,,계측 불가,출입 불가,출입 불가
tracking-20260928-v2,03-072,03 이천_여주,여주시 본두리물류센터,경기도 여주시 가남읍 여주남로 536,O,2026-07-17 10:35:43,정상,,
tracking-20260928-v2,03-121,03 이천_여주,㈜부쉬코리아,경기도 이천시 마장면 서이천로 189-51,X,,계측 불가,출입 불가,출입 불가
tracking-20260928-v2,03-073,03 이천_여주,명문투자개발,경기도 이천시 대월면 대월로 627-141 명문투자개발,O,2026-07-16 18:10:43,정상,,
tracking-20260928-v2,03-122,03 이천_여주,(주)에이치시티,경기도 이천시 마장면 서이천로578번길 74,X,,계측 불가,불법주차,불법주차
tracking-20260928-v2,03-074,03 이천_여주,백사면사무소,경기도 이천시 백사면 현방로 65 백사면사무소,O,2026-07-16 10:24:44,정상,,
tracking-20260928-v2,03-075,03 이천_여주,(주)에이치시티 모빌리티센터동,경기도 이천시 마장면 서이천로578번길 2-6,O,2026-07-16 09:21:49,정상,,
tracking-20260928-v2,03-076,03 이천_여주,이천시 호법면사무소,경기도 이천시 호법면 이섭대천로 527번길 27 출입구좌측주차장,O,2026-07-16 17:34:58,정상,,
tracking-20260928-v2,03-123,03 이천_여주,남여주cc,경기도 여주시 가여로 532,X,,계측 불가,불법주차,불법주차
tracking-20260928-v2,03-077,03 이천_여주,BMW차징스테이션 세라지오골프클럽,경기도 여주시 여양로 530,O,2026-07-17 14:02:56,정상,,
tracking-20260928-v2,03-078,03 이천_여주,경기 신원리 아이에스동서이천지점,경기도 이천시 부발읍 중부대로1763번길 12,O,2026-07-17 08:11:27,정상,,
tracking-20260928-v2,04-001,04 당진_서산,현대제철 당진제철소 2냉연주차장,충청남도 당진시 송산면 동곡리 353,O,2026-07-21 16:42:00,정상,,
tracking-20260928-v2,04-081,04 당진_서산,(주)동양모터스(SP),충청남도 당진시 송악읍 대섬길 228,X,,계측 불가,위치 확인 불가,위치 확인 불가
tracking-20260928-v2,04-002,04 당진_서산,당진시 에스모텔,충청남도 당진시 송악읍 북부산업로 714-2 주차장,O,2026-07-21 18:04:23,정상,,
tracking-20260928-v2,04-003,04 당진_서산,한국건설생활환경시험연구원(서산)(SP),충청남도 서산시 대산읍 평신1로 595-10,O,2026-07-20 11:27:53,정상,,
tracking-20260928-v2,04-004,04 당진_서산,당진시 두바이호텔,충청남도 당진시 송악읍 북부산업로 652 주차장,O,2026-07-21 18:15:21,정상,,
tracking-20260928-v2,04-082,04 당진_서산,진원개발,충청남도 당진시 송악읍 고잔로 154 외부주차장 벽부형,X,,계측 불가,고장|선 없음,고장|선 없음
tracking-20260928-v2,04-005,04 당진_서산,세종그랑시아,충청남도 당진시 송악읍 중흥1길 51,O,2026-07-22 10:09:23,정상,,
tracking-20260928-v2,04-083,04 당진_서산,서산명지중학교,충청남도 서산시 대산읍 명지1로 15 대산명지중학교,X,,계측 불가,위치 확인 불가,위치 확인 불가
tracking-20260928-v2,04-006,04 당진_서산,롯데케미칼 대산사택,충청남도 서산시 대산읍 물안1로 123,O,2026-07-20 12:35:03,정상,,
tracking-20260928-v2,04-007,04 당진_서산,송산면페럼빌,충청남도 당진시 송산면 송산로 125 FERRUM VILLE 지하1층 주차장 101동 앞,O,2026-07-22 14:04:08,정상,,
tracking-20260928-v2,04-008,04 당진_서산,당진대희지센트아파트,충청남도 당진시 신평면 덕평로 1406-14,O,2026-07-22 11:46:59,정상,,
tracking-20260928-v2,04-009,04 당진_서산,당진시 당진종합병원,충청남도 당진시 반촌로 5-15 약국옆주차장,O,2026-07-22 13:32:59,정상,,
tracking-20260928-v2,04-010,04 당진_서산,당진 중앙장례식장,충청남도 당진시 송악읍 조비실길 47 당진중앙장례식장,O,2026-07-22 11:59:01,정상,,
tracking-20260928-v2,04-084,04 당진_서산,기아오토큐 당진송악점,충청남도 당진시 시곡로 344 주차장,X,,계측 불가,모두 사용중,모두 사용중
tracking-20260928-v2,04-011,04 당진_서산,당진 북부공영주차장,충청남도 당진시 북문로1길 35-15 지상1층 주차장,O,2026-07-23 11:22:10,정상,,
tracking-20260928-v2,04-012,04 당진_서산,당진시청사 옥외주차장,충청남도 당진시 시청1로 1 당진시청사 야외주차장,O,2026-07-22 14:51:55,정상,,
tracking-20260928-v2,04-085,04 당진_서산,충남 당진시 당진우리신협,충청남도 당진시 동부로 22,X,,계측 불가,kW 변경,kW 변경
tracking-20260928-v2,04-013,04 당진_서산,당진교육문화스포츠센터,충청남도 당진시 당진중앙2로 132-30 입구 지상층 주차장,O,2026-07-23 11:34:32,정상,,
tracking-20260928-v2,04-014,04 당진_서산,당진 군청사주차장,충청남도 당진시 당진중앙1로 59 지하1층주차장,O,2026-07-23 11:42:25,정상,,
tracking-20260928-v2,04-086,04 당진_서산,당진농협,충청남도 당진시 동부1로 15 15,X,,계측 불가,위치 확인 불가,위치 확인 불가
tracking-20260928-v2,04-015,04 당진_서산,당진시티프라디움1차,충청남도 당진시 대덕1로 102,O,2026-07-22 15:35:33,정상,,
tracking-20260928-v2,04-016,04 당진_서산,당진 남부공영주차장,충청남도 당진시 시장중앙길 41 지상 실내주차장 1F입구에서 좌측,O,2026-07-23 09:54:18,정상,,
tracking-20260928-v2,04-017,04 당진_서산,국민건강보험공단 당진지사,충청남도 당진시 대덕1로 37 국민건강보험공단 당진지사,O,2026-07-22 15:55:27,정상,,
tracking-20260928-v2,04-087,04 당진_서산,대덕초등학교,충청남도 당진시 대덕1로 80 대덕초등학교,X,,계측 불가,위치 확인 불가,위치 확인 불가
tracking-20260928-v2,04-018,04 당진_서산,당진 성북리 주차장,충청남도 당진시 순성면 꽃밭미길 128 지상층 주차장,O,2026-07-21 13:54:29,정상,,
tracking-20260928-v2,04-019,04 당진_서산,서일중학교,충청남도 서산시 지곡면 화천3길 56 서일고등학교,O,2026-07-20 14:02:23,정상,,
tracking-20260928-v2,04-020,04 당진_서산,금우오피스텔,충청남도 서산시 성연면 성연로 226 주차장,O,2026-07-20 14:47:06,정상,,
tracking-20260928-v2,04-021,04 당진_서산,하나비전감리교회 엘림하우스,충청남도 서산시 운산면 장생동로 181-54,O,2026-07-21 13:34:05,정상,,
tracking-20260928-v2,04-022,04 당진_서산,노벰버호텔,충청남도 서산시 읍내2로 17,O,2026-07-21 08:32:37,정상,,
tracking-20260928-v2,04-088,04 당진_서산,아진아파트,충청남도 서산시 인지면 무학로 1742,X,,계측 불가,선 없음,선 없음
tracking-20260928-v2,04-089,04 당진_서산,e편한세상서산예천,충청남도 서산시 동서1로 230 e편한세상서산예천,X,,계측 불가,선 없음,선 없음
tracking-20260928-v2,04-090,04 당진_서산,충남 서산시 지촌2,충청남도 서산시 학동12길 13-14 충남 서산시 지촌2,X,,계측 불가,모두 사용중,모두 사용중
tracking-20260928-v2,04-091,04 당진_서산,서산석림라온프라이빗,충청남도 서산시 석림1로 77,X,,계측 불가,출입 불가,출입 불가
tracking-20260928-v2,04-023,04 당진_서산,서산농협(본점),충청남도 서산시 동서1로 157 (석남동 128),O,2026-07-20 16:26:14,정상,,
tracking-20260928-v2,04-024,04 당진_서산,산호옥마을아파트,충청남도 서산시 인지면 둔당로 99,O,2026-07-20 17:04:34,정상,,
tracking-20260928-v2,04-025,04 당진_서산,인지면사무소,충청남도 서산시 인지면 무학로 1677,O,2026-07-21 09:04:44,정상,,
tracking-20260928-v2,04-092,04 당진_서산,기아 서산지점 (완속충전기),충청남도 서산시 중앙로 207 기아 서산지점 (완속충전기),X,,계측 불가,kW 변경,kW 변경
tracking-20260928-v2,04-093,04 당진_서산,서산공공하수처리시설,충청남도 서산시 성연면 성연로 277-36 성연공공하수처리시설,X,,계측 불가,위치 확인 불가,위치 확인 불가
tracking-20260928-v2,04-094,04 당진_서산,충남서산 듀링서산공장 2,충청남도 서산시 지곡면 무장산업로 263-12 공장건물 좌측 끝,X,,계측 불가,출입 불가,출입 불가
tracking-20260928-v2,04-026,04 당진_서산,늘푸른오스카빌아파트112동,충청남도 서산시 지곡면 충의로 762-78 (늘푸른오스카빌) 112동 옆 지하2층 주차장 안쪽 벽면쪽,O,2026-07-21 09:30:31,정상,,
tracking-20260928-v2,04-027,04 당진_서산,충남서산 힐스테이트서산아파트1,충청남도 서산시 성연면 성연3로 76,O,2026-07-20 15:12:44,정상,,
tracking-20260928-v2,04-028,04 당진_서산,충남서산 e편한세상서산테크노벨리아파트,충청남도 서산시 성연면 성연4로 46,O,2026-07-20 15:40:20,정상,,
tracking-20260928-v2,04-095,04 당진_서산,현대트랜시스지곡공장기숙사,충청남도 서산시 지곡면 화천1로 60-81,X,,계측 불가,출입 불가,출입 불가
tracking-20260928-v2,04-029,04 당진_서산,충남서산 LG화학사원아파트2,충청남도 서산시 대산읍 명지1로 259-14,O,2026-07-20 11:33:38,정상,,
tracking-20260928-v2,04-030,04 당진_서산,HD현대 대산공장(임직원사택),충청남도 서산시 대산읍 평신2로 26,O,2026-07-20 11:51:08,정상,,
tracking-20260928-v2,04-096,04 당진_서산,KCC대죽공장 사원아파트,충청남도 서산시 대산읍 대죽1로 145,X,,계측 불가,출입 불가,출입 불가
tracking-20260928-v2,04-031,04 당진_서산,서산수골프앤리조트,충청남도 서산시 대산읍 삼길포7로 6,O,2026-07-20 12:08:16,정상,,
tracking-20260928-v2,04-097,04 당진_서산,호서대학교 산학융합캠퍼스 본관,충청남도 당진시 석문면 산단7로 201,X,,계측 불가,고장,고장
tracking-20260928-v2,04-032,04 당진_서산,당진 통정공원,충청남도 당진시 석문면 산단3로3길 14-23 인근 주차장(당진시 석문면 통정리 1347),O,2026-07-23 10:31:28,정상,,
tracking-20260928-v2,04-098,04 당진_서산,당진 HDC현대이피주식회사,충청남도 당진시 석문면 대호만로 1221-32,X,,계측 불가,출입 불가,출입 불가
tracking-20260928-v2,04-099,04 당진_서산,당진시청 석문면사무소,충청남도 당진시 석문면 통정3길 2-1 당진시청 석문면사무소,X,,계측 불가,고장,고장
tracking-20260928-v2,04-033,04 당진_서산,당진LH천년나무3단지,충청남도 당진시 석문면 해명3로 10,O,2026-07-21 16:05:08,정상,,
tracking-20260928-v2,04-034,04 당진_서산,석문위스테이트,충청남도 당진시 석문면 산단8로 91,O,2026-07-21 14:34:53,정상,,
tracking-20260928-v2,04-035,04 당진_서산,당진엠코타운입주자대표회의22,충청남도 당진시 송산면 유곡로 20,O,2026-07-22 09:34:03,정상,,
tracking-20260928-v2,04-036,04 당진_서산,충남당진 송산청광플러스원아파트,충청남도 당진시 송산면 송산로 864-10 지상주차장 전기실 우측,O,2026-07-22 09:39:12,정상,,
tracking-20260928-v2,04-100,04 당진_서산,충남서산 센텀파크뷰서희아파트 2,충청남도 서산시 고운로 17 110동 지상1층 옆,X,,계측 불가,출입 불가,출입 불가
tracking-20260928-v2,04-037,04 당진_서산,서산중앙고등학교,충청남도 서산시 벌말1길 23 서산중앙고등학교,O,2026-07-20 16:02:36,정상,,
tracking-20260928-v2,04-038,04 당진_서산,당진 현대글로비스2구역,충청남도 당진시 송산면 가곡로 21 경비실 옆 옥외주차장,O,2026-07-21 16:26:46,정상,,
tracking-20260928-v2,04-101,04 당진_서산,당진송악경남아너스빌아파트,충청남도 당진시 송악읍 중흥1길 50 당진송악경남아너스빌아파트,X,,계측 불가,kW 변경,kW 변경
tracking-20260928-v2,04-039,04 당진_서산,신성미소지움2단지,충청남도 당진시 송악읍 신복운로3길 28 지상주차장 (203동 앞),O,2026-07-21 18:29:54,정상,,
tracking-20260928-v2,04-040,04 당진_서산,스피드손세차장,충청남도 당진시 송악읍 부곡공단2길 37-22,O,2026-07-21 17:48:55,정상,,
tracking-20260928-v2,04-041,04 당진_서산,펌프킨 이밥 당진KG직원아파트,충청남도 당진시 송악읍 신평로 1469 KG직원아파트 103동-105동 앞,O,2026-07-22 10:20:23,정상,,
tracking-20260928-v2,04-042,04 당진_서산,어반스테이 당진,충청남도 당진시 수청5길 38,O,2026-07-22 14:20:02,정상,,
tracking-20260928-v2,04-043,04 당진_서산,호서고등학교,충청남도 당진시 밤절로 2-13 호서고등학교,O,2026-07-22 14:30:27,정상,,
tracking-20260928-v2,04-044,04 당진_서산,당진경찰서,충청남도 당진시 무수동7길 144,O,2026-07-22 16:24:32,정상,,
tracking-20260928-v2,04-045,04 당진_서산,당진1차푸르지오,"충청남도 당진시 읍내동 북문로 15 지하주차장 (30번기둥, 108동 앞",O,2026-07-23 11:14:54,정상,,
tracking-20260928-v2,04-046,04 당진_서산,힐스테이트당진2차,충청남도 당진시 송악읍 틀모시로 737 힐스테이트당진2차,O,2026-07-22 13:22:25,정상,,
tracking-20260928-v2,04-102,04 당진_서산,기지초등학교,충청남도 당진시 송악읍 반촌로 84-3,X,,계측 불가,불법주차,불법주차
tracking-20260928-v2,04-047,04 당진_서산,HB한빛,충청남도 당진시 송악읍 반촌로 125,O,2026-07-22 13:04:22,정상,,
tracking-20260928-v2,04-103,04 당진_서산,충남당진 신평센트럴타운,충청남도 당진시 신평면 거산3거리길 15 지상주차장,X,,계측 불가,출입 불가,출입 불가
tracking-20260928-v2,04-048,04 당진_서산,신세대하이빌아파트(SP),충청남도 당진시 신평면 거산3거리길 66,O,2026-07-22 11:09:52,정상,,
tracking-20260928-v2,04-049,04 당진_서산,공간목련아파트,충청남도 당진시 신평면 거산3거리길 88 공간목련아파트,O,2026-07-22 10:52:51,정상,,
tracking-20260928-v2,04-104,04 당진_서산,충남 당진 신평고등학교,충청남도 당진시 신평면 서해로 7076,X,,계측 불가,고장,고장
tracking-20260928-v2,04-050,04 당진_서산,충남당진 삼성쉐르빌아파트 3주차장,충청남도 당진시 대호만로 23-13,O,2026-07-23 10:52:46,정상,,
tracking-20260928-v2,04-105,04 당진_서산,㈜케이씨아이,충청남도 서산시 대산읍 대죽1로 221,X,,계측 불가,출입 불가,출입 불가
tracking-20260928-v2,04-106,04 당진_서산,당진시 관리부두경비실,충청남도 당진시 송악읍 고대공단2길 79-30 관리부두 안쪽,X,,계측 불가,출입 불가,출입 불가
tracking-20260928-v2,04-107,04 당진_서산,충남당진 현대제철당진공장,충청남도 당진시 송악읍 북부산업로 1480,X,,계측 불가,출입 불가,출입 불가
tracking-20260928-v2,04-108,04 당진_서산,롯데케미칼 대산공장 생산연구동,충청남도 서산시 대산읍 독곶1로 82,X,,계측 불가,출입 불가,출입 불가
tracking-20260928-v2,04-051,04 당진_서산,충남당진 당진교회,충청남도 당진시 북문길 1-21,O,2026-07-23 13:53:25,정상,,
tracking-20260928-v2,04-052,04 당진_서산,프렌즈스크린성연점,충청남도 서산시 성연면 성연4로 141-23,O,2026-07-20 14:57:48,정상,,
tracking-20260928-v2,04-109,04 당진_서산,부성초등학교,충청남도 서산시 지곡면 화천1로 83 부성초등학교,X,,계측 불가,고장,고장
tracking-20260928-v2,04-053,04 당진_서산,충남당진 단일아파트C단지,충청남도 당진시 신평면 거산3거리길 11-29,O,2026-07-22 11:40:09,정상,,
tracking-20260928-v2,04-054,04 당진_서산,당진 신평풍림아이원,충청남도 당진시 신평면 솔안말길 21 당진 신평풍림아이원,O,2026-07-22 11:02:02,정상,,
tracking-20260928-v2,04-055,04 당진_서산,서산코오롱레이크뷰오피스텔,충청남도 서산시 안견로 300 (읍내동) 지상2층 주차장,O,2026-07-20 17:32:48,정상,,
tracking-20260928-v2,04-110,04 당진_서산,헤븐모텔,충청남도 서산시 효행1로 3 주차장,X,,계측 불가,모두 사용중,모두 사용중
tracking-20260928-v2,04-056,04 당진_서산,당진 진원스타타워,충청남도 당진시 당진중앙2로 103-8 지하3층,O,2026-07-23 13:39:00,정상,,
tracking-20260928-v2,04-057,04 당진_서산,당진신평코아루아파트,충청남도 당진시 신평면 거산3거리길 74-11 당진신평코아루아파트,O,2026-07-22 11:18:26,정상,,
tracking-20260928-v2,04-058,04 당진_서산,쉘부르모텔,충청남도 서산시 동헌로 106,O,2026-07-20 17:47:03,정상,,
tracking-20260928-v2,04-111,04 당진_서산,KCC대죽공장 기숙아파트,충청남도 서산시 대산읍 대죽1로 165,X,,계측 불가,출입 불가,출입 불가
tracking-20260928-v2,04-059,04 당진_서산,서산시 필모텔,충청남도 서산시 동헌로 119,O,2026-07-20 17:58:18,정상,,
tracking-20260928-v2,04-060,04 당진_서산,대덕동 한성필하우스107동,"충청남도 당진시 남부로 200 (대덕동, 한성 필하우스) 107동",O,2026-07-24 10:11:55,정상,,
tracking-20260928-v2,04-061,04 당진_서산,당진대덕마을5단지아파트,충청남도 당진시 대덕1로 120,O,2026-07-22 15:27:28,정상,,
tracking-20260928-v2,04-062,04 당진_서산,충남당진 당진대동다숲아파트 2,충청남도 당진시 대호만로 30-17 103동 지하2층 주차장,O,2026-07-23 11:05:16,정상,,
tracking-20260928-v2,04-063,04 당진_서산,당진 석문농업협동조합,충청남도 당진시 석문면 통정3안길 1,O,2026-07-21 15:20:44,정상,,
tracking-20260928-v2,04-112,04 당진_서산,초원파크모텔,충청남도 서산시 관아문길 43-1 주차장,X,,계측 불가,고장,고장
tracking-20260928-v2,04-064,04 당진_서산,당진아이파크,충청남도 당진시 당진중앙2로 290,O,2026-07-23 14:54:01,정상,,
tracking-20260928-v2,04-065,04 당진_서산,충남서산 이안아파트 7,충청남도 서산시 성연면 성연3로 36 지하1층 506동 뒤편 B72번 기둥 우측,O,2026-07-20 15:26:50,정상,,
tracking-20260928-v2,04-113,04 당진_서산,케이티서산빌딩,충청남도 서산시 효행3길 19 (동문동),X,,계측 불가,고장,고장
tracking-20260928-v2,04-066,04 당진_서산,천년나무2단지,충청남도 당진시 석문면 해명1로 200,O,2026-07-21 15:28:41,정상,,
tracking-20260928-v2,04-067,04 당진_서산,충청남도 당진시 북문길 69 (완속충전기),충청남도 당진시 북문길 69 충청남도 당진시 북문길 69 (완속충전기),O,2026-07-23 12:59:40,정상,,
tracking-20260928-v2,04-068,04 당진_서산,세원목화아파트,충청남도 당진시 계성3길 56-16 목화아파트,O,2026-07-23 14:27:08,정상,,
tracking-20260928-v2,04-069,04 당진_서산,천년나무1단지,충청남도 당진시 석문면 해명1로 199,O,2026-07-21 15:32:36,정상,,
tracking-20260928-v2,04-070,04 당진_서산,충남당진 벽산아파트3,"충청남도 당진시 계성2길 51 103동 3,6라인 옆 흡연실",O,2026-07-23 14:15:03,정상,,
tracking-20260928-v2,04-071,04 당진_서산,원당마을아파트입주자대표회의,충청남도 당진시 밤절로 103,O,2026-07-23 15:17:00,정상,,
tracking-20260928-v2,04-072,04 당진_서산,대우이안아파트,충청남도 당진시 무수동7길 78,O,2026-07-24 10:24:50,정상,,
tracking-20260928-v2,04-114,04 당진_서산,충남당진 당진한중아파트1,충청남도 당진시 서부로 271,X,,계측 불가,위치 확인 불가,위치 확인 불가
tracking-20260928-v2,04-073,04 당진_서산,충남 서산시 한라비발디아파트,충청남도 서산시 고운로 276,O,2026-07-21 10:22:34,정상,,
tracking-20260928-v2,04-074,04 당진_서산,충청남도서산의료원,충청남도 서산시 중앙로 149,O,2026-07-21 11:20:49,정상,,
tracking-20260928-v2,04-115,04 당진_서산,서산우체국,충청남도 서산시 율지16로 48,X,,계측 불가,충전 오류,충전 오류
tracking-20260928-v2,04-075,04 당진_서산,충남 당진 우민늘사랑아파트,"충청남도 당진시 서해로 6216 시곡동, 우민늘사랑아파트",O,2026-07-22 13:47:55,정상,,
tracking-20260928-v2,04-076,04 당진_서산,삼성아파트(동문동),충청남도 서산시 서령로 137,O,2026-07-21 10:04:59,정상,,
tracking-20260928-v2,04-077,04 당진_서산,더라운지현대골프연습장,충청남도 당진시 송악읍 북부산업로 1087,O,2026-07-21 17:23:18,정상,,
tracking-20260928-v2,04-078,04 당진_서산,꿈에그린아파트입주자대표회의-2,충청남도 서산시 서령로 157-27,O,2026-07-21 09:57:57,정상,,
tracking-20260928-v2,04-079,04 당진_서산,당진세안아파트,충청남도 당진시 송산면 당산1로 563,O,2026-07-24 10:58:49,정상,,
tracking-20260928-v2,04-080,04 당진_서산,충남당진 신성아파트1,"충청남도 당진시 당진중앙2로 212-10 1동 1,2라인 뒤편 전기실 외벽",O,2026-07-23 14:39:20,정상,,
tracking-20260928-v2,04-116,04 당진_서산,충남당진 대덕수청시티프라디움2차아파트1,"충청남도 당진시 대덕1로 50 지하1층 205동 1,2라인 기둥 우측",X,,계측 불가,고장,고장
tracking-20260928-v2,04-117,04 당진_서산,고대면행정복지센터,충청남도 당진시 고대면 구장터길 9,X,,계측 불가,모두 사용중,모두 사용중
tracking-20260928-v2,05-081,05 김제_군산,군산조선해양기술사업협동조합,전북특별자치도 군산시 자유무역로 243 군산조선해양기술사업협동조,X,,계측 불가,출입 불가,출입 불가
tracking-20260928-v2,05-082,05 김제_군산,군산 SGC에너지,전북특별자치도 군산시 임해로 333,X,,계측 불가,출입 불가,출입 불가
tracking-20260928-v2,05-083,05 김제_군산,농협사료군산바이오,전북특별자치도 군산시 임해로 447,X,,계측 불가,불법주차,불법주차
tracking-20260928-v2,05-084,05 김제_군산,웰컴호텔,전북특별자치도 군산시 가도2길 57 건물 지상 주차장,X,,계측 불가,출입 불가,출입 불가
tracking-20260928-v2,05-085,05 김제_군산,여관촌 인근 공영주차장,전북특별자치도 군산시 소룡동 1538-6,X,,계측 불가,고장,고장
tracking-20260928-v2,05-001,05 김제_군산,군산시 타임모텔,전북특별자치도 군산시 소룡2길 41 주차장,O,2026-07-28 18:01:51,정상,,
tracking-20260928-v2,05-086,05 김제_군산,두산퓨얼셀군산공장,전북특별자치도 군산시 새만금산단3로 324 두산퓨얼셀군산공장,X,,계측 불가,출입 불가,출입 불가
tracking-20260928-v2,05-002,05 김제_군산,소룡동행정복지센터,전북특별자치도 군산시 설림안4길 30 (소룡동     소룡동행정복지센터),O,2026-07-28 09:29:11,정상,,
tracking-20260928-v2,05-087,05 김제_군산,군산청소년수련관,전북특별자치도 군산시 청소년회관로 75,X,,계측 불가,출입 불가,출입 불가
tracking-20260928-v2,05-088,05 김제_군산,군산시 스카이모텔,전북특별자치도 군산시 부곡4길 21-4 주차장,X,,계측 불가,충전 오류,충전 오류
tracking-20260928-v2,05-089,05 김제_군산,신풍경로당 인근 공영주차장,전북특별자치도 군산시 신풍길 45-4,X,,계측 불가,충전 오류,충전 오류
tracking-20260928-v2,05-003,05 김제_군산,군산시 신풍동행정복지센터,전북특별자치도 군산시 대학로 215,O,2026-07-29 12:22:01,정상,,
tracking-20260928-v2,05-004,05 김제_군산,나운3동행정복지센터,전북특별자치도 군산시 부곡1길 25,O,2026-07-28 15:56:01,정상,,
tracking-20260928-v2,05-090,05 김제_군산,군산성신병원,전북특별자치도 군산시 백토로 33 성신병원,X,,계측 불가,kW 변경,kW 변경
tracking-20260928-v2,05-005,05 김제_군산,나운현대2차아파트(군산),전북특별자치도 군산시 나운로 39,O,2026-07-29 11:25:35,정상,,
tracking-20260928-v2,05-091,05 김제_군산,(완속)군산 하나유통,전북특별자치도 군산시 미성로 562 주차장,X,,계측 불가,위치 확인 불가,위치 확인 불가
tracking-20260928-v2,05-092,05 김제_군산,옥서면보건소,전북특별자치도 군산시 옥서면 옥구저수지로 209,X,,계측 불가,위치 확인 불가,위치 확인 불가
tracking-20260928-v2,05-093,05 김제_군산,은파팰리스호텔,전북특별자치도 군산시 은파순환길 20,X,,계측 불가,모두 사용중,모두 사용중
tracking-20260928-v2,05-094,05 김제_군산,군산수산물종합센터,전북특별자치도 군산시 내항2길 216,X,,계측 불가,충전 오류,충전 오류
tracking-20260928-v2,05-095,05 김제_군산,군산시 해신동행정복지센터,전북특별자치도 군산시 중앙로 220 정문좌측,X,,계측 불가,위치 확인 불가,위치 확인 불가
tracking-20260928-v2,05-096,05 김제_군산,군산시 월명동행정복지센터,전북특별자치도 군산시 구영6길 51,X,,계측 불가,위치 확인 불가,위치 확인 불가
tracking-20260928-v2,05-006,05 김제_군산,군산해양경찰서,전북특별자치도 군산시 군산창길 21,O,2026-07-29 14:10:21,정상,,
tracking-20260928-v2,05-007,05 김제_군산,전북 군산 군산대학교 (골프연습장),전북특별자치도 군산시 대학로 558,O,2026-07-28 14:24:24,정상,,
tracking-20260928-v2,05-097,05 김제_군산,전북 나운동 뷰티팜스파(11kW),전북특별자치도 군산시 서수송1길 28-1 지상주차장,X,,계측 불가,모두 사용중,모두 사용중
tracking-20260928-v2,05-008,05 김제_군산,군산시립도서관,"전북특별자치도 군산시 축동로 72 (수송동, 군산시립도서관)",O,2026-07-30 16:33:59,정상,,
tracking-20260928-v2,05-098,05 김제_군산,군산 둔율동성당,전북특별자치도 군산시 둔배미길 24 지상주차장,X,,계측 불가,고장,고장
tracking-20260928-v2,05-009,05 김제_군산,BYC 군산수송,전북특별자치도 군산시 월명로 219,O,2026-07-30 16:49:30,정상,,
tracking-20260928-v2,05-010,05 김제_군산,전북군산 현대세솔아파트 3,전북특별자치도 군산시 동팔마길 53 (장재동) 지하주차장 101동,O,2026-07-29 16:21:38,정상,,
tracking-20260928-v2,05-099,05 김제_군산,KDB산업은행 인근 공영주차장,전북특별자치도 군산시 수송2길 28 KDB산업은행 인근 공영주차장,X,,계측 불가,회원카드 결제 불가,회원카드 결제 불가
tracking-20260928-v2,05-011,05 김제_군산,은혜산부인과,전북특별자치도 군산시 월명로 144,O,2026-07-30 17:25:39,정상,,
tracking-20260928-v2,05-100,05 김제_군산,더블유(w)모텔,전북특별자치도 군산시 서래내길 26,X,,계측 불가,충전 오류,충전 오류
tracking-20260928-v2,05-012,05 김제_군산,GDR아카데미 모든스크린골프,전북특별자치도 군산시 공단대로 183 주차장,O,2026-07-30 17:05:59,정상,,
tracking-20260928-v2,05-013,05 김제_군산,미장동파인빌2차아파트,전북특별자치도 군산시 미장안길 55 (미장동     파인빌2차아파트) 201동~203동,O,2026-07-30 15:12:39,정상,,
tracking-20260928-v2,05-101,05 김제_군산,미장지구 공영주차장,전북특별자치도 군산시 미장동 509-3 공영주차장,X,,계측 불가,충전 오류,충전 오류
tracking-20260928-v2,05-102,05 김제_군산,선유도리 수원지 공영주차장,전북특별자치도 군산시 옥도면 선유북길 129-6 야외주차장,X,,계측 불가,충전 오류,충전 오류
tracking-20260928-v2,05-103,05 김제_군산,미룡주공2단지아파트,전북특별자치도 군산시 미룡로 41,X,,계측 불가,선 없음,선 없음
tracking-20260928-v2,05-104,05 김제_군산,제이아트은파더레이크아파트,전북특별자치도 군산시 미제3길 31-14 제이아트은파더레이크아파트,X,,계측 불가,출입 불가|위치 확인 불가,출입 불가|위치 확인 불가
tracking-20260928-v2,05-105,05 김제_군산,군산 제이아트아파트,전북특별자치도 군산시 은파로 66 주차장,X,,계측 불가,고장|단선,고장|단선
tracking-20260928-v2,05-106,05 김제_군산,군산 호수공원 아이파크,전북특별자치도 군산시 의료원로 99-8 군산 호수공원 아이파크,X,,계측 불가,선 없음,선 없음
tracking-20260928-v2,05-107,05 김제_군산,수송아이파크아파트,전북특별자치도 군산시 수송동로 91,X,,계측 불가,위치 확인 불가,위치 확인 불가
tracking-20260928-v2,05-108,05 김제_군산,한국기독교장로회백두산교회,전북특별자치도 군산시 공단대로 472 한국기독교장로회백두산교회,X,,계측 불가,kW 변경,kW 변경
tracking-20260928-v2,05-014,05 김제_군산,군산청솔아파트,"전북특별자치도 군산시 나운로 133 (나운동, 청솔아파트) B3, 101,102,103동 지상주차장",O,2026-07-29 08:41:28,정상,,
tracking-20260928-v2,05-015,05 김제_군산,군산시 군산중부교회,전북특별자치도 군산시 나운안1길 25,O,2026-07-29 11:18:04,정상,,
tracking-20260928-v2,05-109,05 김제_군산,전북 군산시 경포2길 20 (저압수용가),전북특별자치도 군산시 경포2길 20 전북 군산시 경포2길 20 (저압수용가),X,,계측 불가,위치 확인 불가,위치 확인 불가
tracking-20260928-v2,05-110,05 김제_군산,라인애드,전북특별자치도 군산시 팔마로 108 구내주차장/옥외,X,,계측 불가,모두 사용중,모두 사용중
tracking-20260928-v2,05-111,05 김제_군산,롯데몰 인근 공영주차장,전북특별자치도 군산시 조촌동 2-82,X,,계측 불가,충전 오류,충전 오류
tracking-20260928-v2,05-016,05 김제_군산,성하의료재단 누가병원,전북특별자치도 군산시 백릉로 70,O,2026-07-29 17:02:39,정상,,
tracking-20260928-v2,05-017,05 김제_군산,군산 우형스크린,전북특별자치도 군산시 조촌4길 47,O,2026-07-29 17:18:31,정상,,
tracking-20260928-v2,05-018,05 김제_군산,전주지방검찰청 군산지청,전북특별자치도 군산시 법원로 70,O,2026-07-30 13:58:50,정상,,
tracking-20260928-v2,05-019,05 김제_군산,군산시 현대한솔아파트,전북특별자치도 군산시 번영로 159 지하주차장,O,2026-07-30 12:23:06,정상,,
tracking-20260928-v2,05-020,05 김제_군산,타워써미트,전북특별자치도 군산시 공단대로 54,O,2026-07-30 11:43:37,정상,,
tracking-20260928-v2,05-112,05 김제_군산,군산준법지원센터 옆 공영주차장,전북특별자치도 군산시 사정동 174,X,,계측 불가,회원카드 결제 불가,회원카드 결제 불가
tracking-20260928-v2,05-113,05 김제_군산,계명수산풍천장어타운,전북특별자치도 군산시 번영로 370 주차장,X,,계측 불가,고장,고장
tracking-20260928-v2,05-021,05 김제_군산,개정동행정복지센터,전북특별자치도 군산시 번영로 339-5,O,2026-07-30 11:26:04,정상,,
tracking-20260928-v2,05-114,05 김제_군산,군산간호대학교,전북특별자치도 군산시 동개정길 7,X,,계측 불가,위치 확인 불가,위치 확인 불가
tracking-20260928-v2,05-115,05 김제_군산,군산내흥7LH아파트,전북특별자치도 군산시 돌끝로 52 군산내흥7LH아파트,X,,계측 불가,kW 변경,kW 변경
tracking-20260928-v2,05-116,05 김제_군산,군산시 쉐보레군산서비스센터,전북특별자치도 군산시 구암로 160,X,,계측 불가,출입 불가,출입 불가
tracking-20260928-v2,05-117,05 김제_군산,(완속)하이카 군산구암점,전북특별자치도 군산시 궁멀길 11 주차장,X,,계측 불가,충전 오류,충전 오류
tracking-20260928-v2,05-022,05 김제_군산,새만금골프클럽,전북특별자치도 군산시 새만금북로 534-21,O,2026-07-28 11:33:49,정상,,
tracking-20260928-v2,05-023,05 김제_군산,베스트웨스턴 군산호텔,전북특별자치도 군산시 새만금북로 435,O,2026-07-28 11:42:03,정상,,
tracking-20260928-v2,05-024,05 김제_군산,섬호텔,전북특별자치도 군산시 비응남로 38 섬호텔,O,2026-07-27 16:35:10,정상,,
tracking-20260928-v2,05-118,05 김제_군산,Pgt 군산공장,전북특별자치도 군산시 자유무역로 35 Pgt 군산 공장,X,,계측 불가,출입 불가,출입 불가
tracking-20260928-v2,05-119,05 김제_군산,킹콩놀이터 (저압수용가),전북특별자치도 군산시 성산면 오성로 234 킹콩놀이터 (저압수용가),X,,계측 불가,모두 사용중,모두 사용중
tracking-20260928-v2,05-120,05 김제_군산,군산 세진자동차정비공업사,전북특별자치도 군산시 성산면 금강로 584 / 출입구 우측 주차공간,X,,계측 불가,출입 불가,출입 불가
tracking-20260928-v2,05-025,05 김제_군산,에덴세차장,전북특별자치도 김제시 벽지산로 272,O,2026-07-27 14:17:11,정상,,
tracking-20260928-v2,05-026,05 김제_군산,(완속)김제 요촌동 문영 공영주차장,전북특별자치도 김제시 동헌2길 12 주차장,O,2026-07-27 13:41:53,정상,,
tracking-20260928-v2,05-027,05 김제_군산,김제시 김제우석병원,전북특별자치도 김제시 서암4길 45,O,2026-07-27 14:27:45,정상,,
tracking-20260928-v2,05-121,05 김제_군산,현대블루핸즈 요촌점,"전북특별자치도 김제시 중앙로 130 (요촌동, 현대자동차)",X,,계측 불가,출입 불가,출입 불가
tracking-20260928-v2,05-122,05 김제_군산,김제시 꿈의궁전모텔,전북특별자치도 김제시 서낭당길 121-9 주차장,X,,계측 불가,고장,고장
tracking-20260928-v2,05-123,05 김제_군산,신풍동주민센터,전북특별자치도 김제시 중앙10길 11,X,,계측 불가,모두 사용중,모두 사용중
tracking-20260928-v2,05-028,05 김제_군산,신풍동아이지파크아파트,"전북특별자치도 김제시 두월3길 25 (신풍동, 아이지파크아파트)",O,2026-07-27 11:56:01,정상,,
tracking-20260928-v2,05-029,05 김제_군산,김제비사벌아파트,전북특별자치도 김제시 도작로 93 김제비사벌아파트,O,2026-07-27 11:47:07,정상,,
tracking-20260928-v2,05-124,05 김제_군산,번영빌,"전북특별자치도 김제시 요촌북로 93 좌측 주차장 첫번째,두번째 면",X,,계측 불가,고장,고장
tracking-20260928-v2,05-125,05 김제_군산,실내체육관,전북특별자치도 김제시 도작로 224-98 김제시 실내 체육관 주차장,X,,계측 불가,고장,고장
tracking-20260928-v2,05-126,05 김제_군산,군산 진포중학교,"전북특별자치도 군산시 진포3길 66 (수송동, 진포중학교)",X,,계측 불가,위치 확인 불가,위치 확인 불가
tracking-20260928-v2,05-030,05 김제_군산,파인파크AT 군산파3 메인주차장,전북특별자치도 군산시 가도로 282,O,2026-07-28 10:55:34,정상,,
tracking-20260928-v2,05-127,05 김제_군산,타타대우(LD공장),전북특별자치도 군산시 동장산로 247,X,,계측 불가,출입 불가,출입 불가
tracking-20260928-v2,05-031,05 김제_군산,군산한성필하우스아파트,전북특별자치도 군산시 요죽길 76,O,2026-07-28 10:18:27,정상,,
tracking-20260928-v2,05-128,05 김제_군산,한화에너지 군산공장,전북특별자치도 군산시 외항로 1222,X,,계측 불가,출입 불가,출입 불가
tracking-20260928-v2,05-129,05 김제_군산,수산물센터 인근 공영주차장,전북특별자치도 군산시 해망동 1000-9 공영주차장,X,,계측 불가,충전 오류,충전 오류
tracking-20260928-v2,05-032,05 김제_군산,전북군산 산업은행 군산지점,전북특별자치도 군산시 월명로 206 (수송동) 지하1층주차장,O,2026-07-30 18:08:47,정상,,
tracking-20260928-v2,05-033,05 김제_군산,풍산빌딩,전북특별자치도 군산시 공단대로 197,O,2026-07-30 17:54:19,정상,,
tracking-20260928-v2,05-034,05 김제_군산,전주지방법원 군산지원,전북특별자치도 군산시 법원로 68,O,2026-07-30 13:50:09,정상,,
tracking-20260928-v2,05-130,05 김제_군산,군산시 호텔이븐,전북특별자치도 군산시 현충로 82 주차장,X,,계측 불가,위치 확인 불가,위치 확인 불가
tracking-20260928-v2,05-035,05 김제_군산,라마다 군산호텔,전북특별자치도 군산시 대학로 400,O,2026-07-28 16:11:48,정상,,
tracking-20260928-v2,05-131,05 김제_군산,군산시 호텔봄,전북특별자치도 군산시 부곡3길 6 주차장,X,,계측 불가,위치 확인 불가,위치 확인 불가
tracking-20260928-v2,05-036,05 김제_군산,군산농협하나로마트,전북특별자치도 군산시 번영로 162,O,2026-07-30 12:08:28,정상,,
tracking-20260928-v2,05-037,05 김제_군산,테니스장,전북특별자치도 김제시 도작로 224-107 김제 테니스장,O,2026-07-27 10:52:35,정상,,
tracking-20260928-v2,05-132,05 김제_군산,나운4차현대아파트 405동 지상주차장,전북특별자치도 군산시 나운안1길 24,X,,계측 불가,충전 오류,충전 오류
tracking-20260928-v2,05-133,05 김제_군산,수송오투그란데 인근 공영주차장,전북특별자치도 군산시 수송1길 25,X,,계측 불가,회원카드 결제 불가,회원카드 결제 불가
tracking-20260928-v2,05-038,05 김제_군산,군산삼학동주민센터,전북특별자치도 군산시 미원로 17,O,2026-07-30 15:52:02,정상,,
tracking-20260928-v2,05-039,05 김제_군산,전북군산 하늘빛교회,전북특별자치도 군산시 풍문3길 37 (미원동) 군산하늘빛교회 지상주차장,O,2026-07-29 16:10:52,정상,,
tracking-20260928-v2,05-040,05 김제_군산,김제시 한국농어촌공사동진지사,전북특별자치도 김제시 화동길 110,O,2026-07-27 13:31:13,정상,,
tracking-20260928-v2,05-134,05 김제_군산,드림교회,전북특별자치도 군산시 하나운로 13,X,,계측 불가,위치 확인 불가,위치 확인 불가
tracking-20260928-v2,05-041,05 김제_군산,김제전통시장 주차장,전북특별자치도 김제시 요촌동 416-2 김제전통시장 주차장,O,2026-07-27 14:05:36,정상,,
tracking-20260928-v2,05-042,05 김제_군산,국민체육센터,전북특별자치도 김제시 도작로 224-121 김제시 국민체육센터 주차장,O,2026-07-27 11:04:20,정상,,
tracking-20260928-v2,05-043,05 김제_군산,군산현대코아백화점,전북특별자치도 군산시 나운로 4 군산현대코아백화점,O,2026-07-29 12:09:59,정상,,
tracking-20260928-v2,05-135,05 김제_군산,군산시청 인근 공영주차장,전북특별자치도 군산시 조촌동 868-2 군산시청 인근 공영주차장,X,,계측 불가,충전 오류,충전 오류
tracking-20260928-v2,05-136,05 김제_군산,군산시 케이티조촌빌딩,전북특별자치도 군산시 조촌5길 32,X,,계측 불가,충전 오류,충전 오류
tracking-20260928-v2,05-137,05 김제_군산,전북군산 센트럴파크아파트,전북특별자치도 군산시 번영로 190 지하2층 104동 출입구 옆,X,,계측 불가,고장,고장
tracking-20260928-v2,05-044,05 김제_군산,군산시 롯데4차아파트,전북특별자치도 군산시 백토로 242 지하 비상계단 밑,O,2026-07-29 10:19:39,정상,,
tracking-20260928-v2,05-045,05 김제_군산,한화생명 군산지점 B2F,전라북도 군산시 대학로 331 한화생명 군산지점,O,2026-07-28 17:32:23,정상,,
tracking-20260928-v2,05-046,05 김제_군산,옥도면사무소,"전북특별자치도 군산시 내항2길 125 (금동, 옥도면사무소)",O,2026-07-31 10:05:51,정상,,
tracking-20260928-v2,05-138,05 김제_군산,군산조촌동행정복지센터,전북특별자치도 군산시 조촌5길 15,X,,계측 불가,충전 오류,충전 오류
tracking-20260928-v2,05-047,05 김제_군산,군산시민장례문화원,전북특별자치도 군산시 잠두1길 49,O,2026-07-30 09:13:16,정상,,
tracking-20260928-v2,05-048,05 김제_군산,은파코아루아파트,전북특별자치도 군산시 동지곡길 53 (지곡동     은파코아루아파트),O,2026-07-29 10:30:46,정상,,
tracking-20260928-v2,05-139,05 김제_군산,군산원예농협,전북특별자치도 군산시 하포로 29,X,,계측 불가,위치 확인 불가,위치 확인 불가
tracking-20260928-v2,05-049,05 김제_군산,군산시 세풍아파트,"전북특별자치도 군산시 영명길 6 1P B1, 2P B1, 2P B2",O,2026-07-30 18:32:08,정상,,
tracking-20260928-v2,05-050,05 김제_군산,BMW차징스테이션 동백카페 by내쇼날모터스,전북특별자치도 군산시 대학로 7-10,O,2026-07-29 15:08:30,정상,,
tracking-20260928-v2,05-051,05 김제_군산,군산시 은파장례문화원,전북특별자치도 군산시 미성로 512,O,2026-07-31 08:36:35,정상,,
tracking-20260928-v2,05-052,05 김제_군산,해강솔비앙1단지(군산),전북특별자치도 군산시 풍전4길 33-3,O,2026-07-28 18:27:56,정상,,
tracking-20260928-v2,05-053,05 김제_군산,군산시 리본호텔,전북특별자치도 군산시 장미1길 21,O,2026-07-29 15:46:55,정상,,
tracking-20260928-v2,05-054,05 김제_군산,군산새한아파트,"전북특별자치도 군산시 경촌3길 23 (경암동, 새한아파트)",O,2026-07-30 19:04:46,정상,,
tracking-20260928-v2,05-140,05 김제_군산,신영시장 공영주차장,전북특별자치도 군산시 금암동 73-51,X,,계측 불가,충전 오류,충전 오류
tracking-20260928-v2,05-055,05 김제_군산,해강솔비앙4단지(군산),전북특별자치도 군산시 풍전3길 29,O,2026-07-28 18:45:01,정상,,
tracking-20260928-v2,05-056,05 김제_군산,경암제일오투그란데아파트,전북특별자치도 군산시 조촌로 214,O,2026-07-30 18:48:16,정상,,
tracking-20260928-v2,05-057,05 김제_군산,김제시 가족사랑요양병원,전북특별자치도 김제시 하동1길 13,O,2026-07-31 13:25:42,정상,,
tracking-20260928-v2,05-058,05 김제_군산,군산공항주차장,"전북특별자치도 군산시 옥서면 산동길 2 (선연리, 군산공항)",O,2026-07-28 12:07:01,정상,,
tracking-20260928-v2,05-141,05 김제_군산,KT군산중앙 옆 공영주차장,전북특별자치도 군산시 중앙로1가 17-1,X,,계측 불가,충전 오류,충전 오류
tracking-20260928-v2,05-059,05 김제_군산,교보생명 군산사옥,전북특별자치도 군산시 대학로 35 교보생명 군산사옥,O,2026-07-29 15:40:41,정상,,
tracking-20260928-v2,05-060,05 김제_군산,보보스,전북특별자치도 군산시 가도2길 19 보보스,O,2026-07-27 17:01:30,정상,,
tracking-20260928-v2,05-142,05 김제_군산,전북군산 경암동부향하나로아파트3,전북특별자치도 군산시 경촌1길 56 지상주차장 103동 뒤편,X,,계측 불가,위치 확인 불가,위치 확인 불가
tracking-20260928-v2,05-061,05 김제_군산,조촌동현대아파트,전북특별자치도 군산시 양안로 120 (조촌동 현대아파트) 101동~106동,O,2026-07-30 14:12:05,정상,,
tracking-20260928-v2,05-062,05 김제_군산,전북군산 유원아파트 2,전북특별자치도 군산시 부곡1길 39 3동 지상주차장,O,2026-07-28 16:26:40,정상,,
tracking-20260928-v2,05-063,05 김제_군산,군산성광교회,전북특별자치도 군산시 우체통거리2길 17,O,2026-07-29 14:38:16,정상,,
tracking-20260928-v2,05-143,05 김제_군산,동백대교 인근 공영주차장,전북특별자치도 군산시 군산창길 34,X,,계측 불가,충전 오류,충전 오류
tracking-20260928-v2,05-064,05 김제_군산,나운1동행정복지센터,전북특별자치도 군산시 신설3길 3,O,2026-07-31 09:46:37,정상,,
tracking-20260928-v2,05-065,05 김제_군산,나운 영창A단지,전북특별자치도 군산시 의료원로 137,O,2026-07-29 10:07:42,정상,,
tracking-20260928-v2,05-066,05 김제_군산,나운26센터,전북특별자치도 군산시 대학로 342,O,2026-07-28 17:12:06,정상,,
tracking-20260928-v2,05-067,05 김제_군산,군산시 금강맨션,전북특별자치도 군산시 소룡길 86-5,O,2026-07-28 17:49:25,정상,,
tracking-20260928-v2,05-144,05 김제_군산,군산시 미성동행정복지센터(신청사),전북특별자치도 군산시 공항로 371,X,,계측 불가,충전 오류,충전 오류
tracking-20260928-v2,05-145,05 김제_군산,군산종합사회복지관,전북특별자치도 군산시 칠성로 59,X,,계측 불가,모두 사용중,모두 사용중
tracking-20260928-v2,05-068,05 김제_군산,서군산농협,전북특별자치도 군산시 공항로 422,O,2026-07-31 08:16:34,정상,,
tracking-20260928-v2,05-069,05 김제_군산,군산 국제항 여객터미널,전북특별자치도 군산시 임해로 378-14 군산 국제항 여객터미널,O,2026-07-28 11:15:47,정상,,
tracking-20260928-v2,05-070,05 김제_군산,군산성원상떼빌105동옆,전북특별자치도 군산시 해망로 447 성원상떼빌 아파트,O,2026-07-31 09:08:23,정상,,
tracking-20260928-v2,05-146,05 김제_군산,금강골드빌아파트,전북특별자치도 군산시 설림2길 33-1,X,,계측 불가,충전 오류,충전 오류
tracking-20260928-v2,05-147,05 김제_군산,전북군산 유한회사 엘제이,전북특별자치도 군산시 축동안3길 16 (수송동) 출입구 오른쪽 지상주자창,X,,계측 불가,위치 확인 불가,위치 확인 불가
tracking-20260928-v2,05-071,05 김제_군산,엘도라도,전북특별자치도 군산시 임피면 동군산로 681,O,2026-07-31 11:54:55,정상,,
tracking-20260928-v2,05-072,05 김제_군산,군산시 MH호텔,전북특별자치도 군산시 장미2길 10 주차장,O,2026-07-31 10:33:46,정상,,
tracking-20260928-v2,05-148,05 김제_군산,NB빌딩,전북특별자치도 군산시 궁포1로 24-9,X,,계측 불가,kW 변경,kW 변경
tracking-20260928-v2,05-073,05 김제_군산,군산 대형스크린골프,전북특별자치도 군산시 조촌4길 51,O,2026-07-30 14:55:46,정상,,
tracking-20260928-v2,05-074,05 김제_군산,군산시 원광효도요양병원,전북특별자치도 군산시 조촌4길 11,O,2026-07-29 17:34:04,정상,,
tracking-20260928-v2,05-149,05 김제_군산,군산시 원광효도요양병원2관,전북특별자치도 군산시 조촌안1길 24,X,,계측 불가,모두 사용중,모두 사용중
tracking-20260928-v2,05-150,05 김제_군산,롯데몰 군산점,전북특별자치도 군산시 조촌로 130 롯데몰 군산점,X,,계측 불가,충전 오류,충전 오류
tracking-20260928-v2,05-151,05 김제_군산,오피스디포 군산점,전북특별자치도 군산시 조촌로 46,X,,계측 불가,모두 사용중,모두 사용중
tracking-20260928-v2,05-075,05 김제_군산,전북군산 이편한세상디오션시티2차아파트,전북특별자치도 군산시 궁포1로 82,O,2026-07-30 14:28:14,정상,,
tracking-20260928-v2,05-076,05 김제_군산,김제시 김제장례식장,전북특별자치도 김제시 벽성로 614,O,2026-07-27 11:25:12,정상,,
tracking-20260928-v2,05-077,05 김제_군산,지평선산업단지 공영주차장-2,전북특별자치도 김제시 백산면 부거리 1592-5 지평선산업단지 공영주차장-2,O,2026-07-31 13:02:35,정상,,
tracking-20260928-v2,05-078,05 김제_군산,지평선산업단지 공영주차장-3,전북특별자치도 김제시 백산면 부거리 1589 지평선산업단지 공영주차장-3,O,2026-07-31 12:41:06,정상,,
tracking-20260928-v2,05-079,05 김제_군산,(완속)김제동초공영주차장,전북특별자치도 김제시 중앙13길 9 주차장 내,O,2026-07-27 12:18:16,정상,,
tracking-20260928-v2,05-080,05 김제_군산,보건소주차장(옥상),전북특별자치도 김제시 성산길 138 보건소 옥상 주차장,O,2026-07-27 13:55:25,정상,,
tracking-20260928-v2,06-081,06 평창_정선,강원태백 스포츠파크,강원특별자치도 태백시 백두대간로 179,X,,계측 불가,출입 불가,출입 불가
tracking-20260928-v2,06-082,06 평창_정선,정선군 먼저골펜션,강원특별자치도 정선군 사북읍 선지동길 34 주차장,X,,계측 불가,위치 확인 불가,위치 확인 불가
tracking-20260928-v2,06-083,06 평창_정선,정선 라스베가스,강원특별자치도 정선군 사북읍 소금강로 3505 / 차량출입구 좌측 주차장,X,,계측 불가,불법주차,불법주차
tracking-20260928-v2,06-084,06 평창_정선,정선 제우스모텔,강원특별자치도 정선군 사북읍 소금강로 3511 / 민박건물 우측 벽면,X,,계측 불가,고장,고장
tracking-20260928-v2,06-085,06 평창_정선,라마다호텔리조트,강원특별자치도 평창군 대관령면 오목길 107,X,,계측 불가,위치 확인 불가,위치 확인 불가
tracking-20260928-v2,06-086,06 평창_정선,몽토랑 산양목장,강원도 태백시 효자1길 27-2,X,,계측 불가,고장,고장
tracking-20260928-v2,06-001,06 평창_정선,한국도로교통공단 태백운전면허시험장,"강원특별자치도 태백시 수아밭길 166 (화전동, 태백운전면허시험장)",O,2026-08-05 14:44:00,정상,,
tracking-20260928-v2,06-002,06 평창_정선,평창군 케이티대관령수련관,강원특별자치도 평창군 대관령면 송천2길 21,O,2026-08-04 15:30:21,정상,,
tracking-20260928-v2,06-087,06 평창_정선,황연동주민센터,강원특별자치도 태백시 광장로 31,X,,계측 불가,불법주차,불법주차
tracking-20260928-v2,06-003,06 평창_정선,평창동계훈련센터,강원특별자치도 평창군 대관령면 올림픽로 108-27 옥외주차장,O,2026-08-04 15:07:58,정상,,
tracking-20260928-v2,06-004,06 평창_정선,휘닉스평창,강원특별자치도 평창군 봉평면 태기로 174,O,2026-08-03 13:42:08,정상,,
tracking-20260928-v2,06-005,06 평창_정선,정선군 락있수다펜션,강원특별자치도 정선군 화암면 소금강로 2188,O,2026-08-06 08:07:12,정상,,
tracking-20260928-v2,06-006,06 평창_정선,태백 문화예술회관,강원특별자치도 태백시 고원로 203 야외주차장,O,2026-08-05 14:00:43,정상,,
tracking-20260928-v2,06-007,06 평창_정선,강원랜드 사원숙소,강원특별자치도 정선군 고한읍 고한3길 6-11 강원랜드 사원숙소,O,2026-08-06 10:17:57,정상,,
tracking-20260928-v2,06-088,06 평창_정선,스키점프경기장,강원특별자치도 평창군 대관령면 솔봉로 325 알펜시아리조트 스키점프경기장,X,,계측 불가,위치 확인 불가,위치 확인 불가
tracking-20260928-v2,06-089,06 평창_정선,태백 이태리집,강원특별자치도 태백시 번영로 262,X,,계측 불가,회원카드 결제 불가,회원카드 결제 불가
tracking-20260928-v2,06-090,06 평창_정선,한국전기안전공사 강원남부지사,강원특별자치도 태백시 태백로 1014,X,,계측 불가,위치 확인 불가,위치 확인 불가
tracking-20260928-v2,06-091,06 평창_정선,국민건강보험공단 태백-정선지사점,강원특별자치도 태백시 황지로 72 후면 주차장,X,,계측 불가,충전 오류,충전 오류
tracking-20260928-v2,06-092,06 평창_정선,지에스25 평창면온점,강원특별자치도 평창군 봉평면 태기로 347 GS25,X,,계측 불가,출입 불가,출입 불가
tracking-20260928-v2,06-093,06 평창_정선,프라하21펜션,강원특별자치도 평창군 봉평면 흥정계곡길 94-6 펜션 주차장 입구 근처,X,,계측 불가,모두 사용중,모두 사용중
tracking-20260928-v2,06-008,06 평창_정선,평창군 에코포레스트평창,강원특별자치도 평창군 대관령면 큰터길 69-22,O,2026-08-04 13:40:50,정상,,
tracking-20260928-v2,06-094,06 평창_정선,위모텔,강원특별자치도 평창군 봉평면 태기로 569 지상주차장,X,,계측 불가,충전 오류,충전 오류
tracking-20260928-v2,06-095,06 평창_정선,메밀마당,강원특별자치도 평창군 봉평면 효석문학길 77 주차장 출입구 근처,X,,계측 불가,모두 사용중,모두 사용중
tracking-20260928-v2,06-096,06 평창_정선,나들가게썬마트,강원특별자치도 평창군 봉평면 기풍3길 22,X,,계측 불가,충전 오류,충전 오류
tracking-20260928-v2,06-009,06 평창_정선,태백 통리탄탄파크,강원특별자치도 태백시 통골길 116-44 야외주차장,O,2026-08-05 10:35:01,정상,,
tracking-20260928-v2,06-097,06 평창_정선,코레일 동백산역,강원특별자치도 태백시 동태백로 1024 지상주차장,X,,계측 불가,위치 확인 불가,위치 확인 불가
tracking-20260928-v2,06-010,06 평창_정선,평창군 허브모텔,강원특별자치도 평창군 봉평면 기풍로 50-16 주차장,O,2026-08-03 15:09:08,정상,,
tracking-20260928-v2,06-011,06 평창_정선,태백호텔,강원특별자치도 태백시 태백산로 4761  태백호텔,O,2026-08-05 16:27:05,정상,,
tracking-20260928-v2,06-098,06 평창_정선,국립조선왕조실록박물관,강원특별자치도 평창군 진부면 오대산로 176,X,,계측 불가,출입 불가,출입 불가
tracking-20260928-v2,06-012,06 평창_정선,국립평창청소년수련원,강원특별자치도 평창군 용평면 새터마을길 108 국립평창청소년수련원,O,2026-08-04 09:31:35,정상,,
tracking-20260928-v2,06-099,06 평창_정선,평창군 문익점펜션,강원특별자치도 평창군 용평면 금당길 543-7 주차장,X,,계측 불가,충전 오류,충전 오류
tracking-20260928-v2,06-013,06 평창_정선,강원태백 철암동행정복지센터,강원특별자치도 태백시 철암동 354-38 철암동행정복지센터 행정복지센터 앞 주차장,O,2026-08-05 10:07:45,정상,,
tracking-20260928-v2,06-014,06 평창_정선,한국환경공단 강원지사,강원특별자치도 정선군 정선읍 정선로 1180,O,2026-08-04 18:07:14,정상,,
tracking-20260928-v2,06-100,06 평창_정선,하이테크1급써비스,강원특별자치도 평창군 용평면 경강로 1828-2,X,,계측 불가,모두 사용중,모두 사용중
tracking-20260928-v2,06-015,06 평창_정선,코레일 평창역,강원특별자치도 평창군 용평면 평창대로 1715 지상주차장,O,2026-08-04 10:36:40,정상,,
tracking-20260928-v2,06-101,06 평창_정선,평창군 숲과개울펜션,강원특별자치도 평창군 방림면 고원로 1505-10 주차장,X,,계측 불가,고장,고장
tracking-20260928-v2,06-102,06 평창_정선,기분좋은날,강원특별자치도 평창군 봉평면 안흥동길 6-10 주차장 출입구 근처,X,,계측 불가,고장,고장
tracking-20260928-v2,06-016,06 평창_정선,태기산CC 주차장,강원특별자치도 평창군 봉평면 무이리 696,O,2026-08-03 13:28:42,정상,,
tracking-20260928-v2,06-017,06 평창_정선,더화이트호텔리조트,강원특별자치도 평창군 봉평면 태기로 228-95 주차장 지하 2층 A05/A06 기둥 사이,O,2026-08-03 13:48:16,정상,,
tracking-20260928-v2,06-018,06 평창_정선,평창군 나모펜션2,강원특별자치도 평창군 봉평면 석이바우길 76-2 주차장,O,2026-08-03 14:16:22,정상,,
tracking-20260928-v2,06-103,06 평창_정선,이영미,강원특별자치도 평창군 봉평면 두리봉길 4-17 구내주차장,X,,계측 불가,모두 사용중,모두 사용중
tracking-20260928-v2,06-104,06 평창_정선,평창군 밸마운트펜션1,강원특별자치도 평창군 봉평면 경강로 729-9 주차장,X,,계측 불가,고장,고장
tracking-20260928-v2,06-105,06 평창_정선,평창군 허브나라농원,강원특별자치도 평창군 봉평면 흥정계곡길 225 지상주차장,X,,계측 불가,고장,고장
tracking-20260928-v2,06-106,06 평창_정선,평창 어울림미니카페,강원특별자치도 평창군 봉평면 흥정계곡1길 16-2 / 야외주차장 차량출입구 우측,X,,계측 불가,선 없음,선 없음
tracking-20260928-v2,06-107,06 평창_정선,평창 쪽빛하늘관광농원,강원특별자치도 평창군 봉평면 흥정계곡길 20-5 / 어린이 풀장 앞,X,,계측 불가,고장,고장
tracking-20260928-v2,06-108,06 평창_정선,평창군 무이갤러리테마파크,강원특별자치도 평창군 봉평면 사리평길 233,X,,계측 불가,위치 확인 불가,위치 확인 불가
tracking-20260928-v2,06-109,06 평창_정선,세상밖으로펜션,강원특별자치도 평창군 봉평면 봉평북로 90,X,,계측 불가,모두 사용중,모두 사용중
tracking-20260928-v2,06-110,06 평창_정선,트리고카페,강원도 평창군 봉평면 메밀꽃길 10-1,X,,계측 불가,회원카드 결제 불가,회원카드 결제 불가
tracking-20260928-v2,06-019,06 평창_정선,㈜바셀로,강원특별자치도 평창군 용평면 느므골길 53,O,2026-08-04 09:16:34,정상,,
tracking-20260928-v2,06-020,06 평창_정선,오대산국립공원 산문주차장(평창),강원특별자치도 평창군 진부면 동산리 335-3,O,2026-08-04 13:18:24,정상,,
tracking-20260928-v2,06-111,06 평창_정선,켄싱턴호텔 평창,강원특별자치도 평창군 진부면 진고개로 231,X,,계측 불가,모두 사용중,모두 사용중
tracking-20260928-v2,06-021,06 평창_정선,한국도로공사 대관령지사,강원특별자치도 평창군 진부면 진부중앙로 203-5,O,2026-08-04 12:08:11,정상,,
tracking-20260928-v2,06-022,06 평창_정선,석미산내들아파트,강원특별자치도 평창군 진부면 송정택지1길 35 102동앞 지상주차장,O,2026-08-04 11:55:35,정상,,
tracking-20260928-v2,06-023,06 평창_정선,강원평창 시대진부아파트,강원특별자치도 평창군 진부면 청송로 74,O,2026-08-04 11:36:51,정상,,
tracking-20260928-v2,06-112,06 평창_정선,진부농협중앙지점,강원특별자치도 평창군 진부면 진부중앙로 27 구내주차장/옥외,X,,계측 불가,위치 확인 불가,위치 확인 불가
tracking-20260928-v2,06-024,06 평창_정선,슬라이딩센터,강원특별자치도 평창군 대관령면 솔봉로 470 슬라이딩센터,O,2026-08-04 14:15:19,정상,,
tracking-20260928-v2,06-025,06 평창_정선,용평리조트 블리스힐,강원특별자치도 평창군 대관령면 올림픽로 661,O,2026-08-04 14:03:33,정상,,
tracking-20260928-v2,06-113,06 평창_정선,농협 정선군지부,"강원특별자치도 정선군 정선읍 비봉로 35 (봉양리, 농협정선군지부)",X,,계측 불가,위치 확인 불가,위치 확인 불가
tracking-20260928-v2,06-026,06 평창_정선,정선군종합사회복지관,강원특별자치도 정선군 정선읍 봉양7길 16,O,2026-08-04 18:25:56,정상,,
tracking-20260928-v2,06-027,06 평창_정선,정선군 정선장례식장,강원특별자치도 정선군 정선읍 서동로 1277,O,2026-08-04 17:53:27,정상,,
tracking-20260928-v2,06-114,06 평창_정선,대호장여관,강원특별자치도 정선군 북평면 북평6길 18 대호장여관,X,,계측 불가,kW 변경,kW 변경
tracking-20260928-v2,06-115,06 평창_정선,정선군 북평면사무소,강원특별자치도 정선군 북평면 북평6길 34,X,,계측 불가,충전 오류,충전 오류
tracking-20260928-v2,06-116,06 평창_정선,공영주차장 (공영주차장) (소도동 72),강원특별자치도 태백시 태백산로 4725 공영주차장 (공영주차장) (소도동 72),X,,계측 불가,모두 사용중,모두 사용중
tracking-20260928-v2,06-117,06 평창_정선,공영주차장 (가로등형) (동점동 498-11),강원특별자치도 태백시 동태백로 18 강원 태백시 동점동 498-11 공영주차장 (가로등형),X,,계측 불가,모두 사용중,모두 사용중
tracking-20260928-v2,06-118,06 평창_정선,철암농공단지관리사무소 공영주차장 (가로등형),강원특별자치도 태백시 철암공단길 7 철암농공단지관리사무소 공영주차장 (가로등형),X,,계측 불가,모두 사용중,모두 사용중
tracking-20260928-v2,06-028,06 평창_정선,태백 365 세이프타운(실외주차장),강원특별자치도 태백시 평화길 15 태백365세이프타운,O,2026-08-05 09:08:51,정상,,
tracking-20260928-v2,06-119,06 평창_정선,태백 산들민박,강원특별자치도 태백시 사군드리길 122 / 건물 앞 화단 내,X,,계측 불가,모두 사용중,모두 사용중
tracking-20260928-v2,06-120,06 평창_정선,태백시 태백장성아파트,강원특별자치도 태백시 태백로 1814 관리실 옆,X,,계측 불가,모두 사용중,모두 사용중
tracking-20260928-v2,06-121,06 평창_정선,근로복지공단 태백병원,강원특별자치도 태백시 보드미길 8,X,,계측 불가,위치 확인 불가,위치 확인 불가
tracking-20260928-v2,06-029,06 평창_정선,태백 홍익베스트빌,"강원특별자치도 태백시 하장성6길 42 (장성동, 홍익베스트빌아파트)",O,2026-08-05 09:20:03,정상,,
tracking-20260928-v2,06-030,06 평창_정선,평창군 도미성모텔,강원특별자치도 평창군 대화면 대화시장1길 10 주차장,O,2026-08-03 17:28:46,정상,,
tracking-20260928-v2,06-122,06 평창_정선,평창 안미마을주차장,강원특별자치도 평창군 대화면 하안미2길 61,X,,계측 불가,충전 오류,충전 오류
tracking-20260928-v2,06-123,06 평창_정선,강원 평창군 평창읍 하평길 75 (저압수용가),강원특별자치도 평창군 평창읍 하평길 75 강원 평창군 평창읍 하평길 75 (저압수용가),X,,계측 불가,위치 확인 불가,위치 확인 불가
tracking-20260928-v2,06-031,06 평창_정선,평창종합운동장,"강원특별자치도 평창군 평창읍 종부로 69-27 (종부리, 평창종합운동장) 센터근처 언덕올라가는 주차장",O,2026-08-03 16:42:54,정상,,
tracking-20260928-v2,06-124,06 평창_정선,스카이호텔,강원특별자치도 정선군 사북읍 사북1길 39 (사북리),X,,계측 불가,불법주차,불법주차
tracking-20260928-v2,06-125,06 평창_정선,강원정선 강원랜드 동원탄자,강원특별자치도 정선군 사북읍 사북리 산154-3 석탄 유물종합 전시간 건너편 공장쪽 야외주차장,X,,계측 불가,위치 확인 불가,위치 확인 불가
tracking-20260928-v2,06-126,06 평창_정선,강원랜드 워터월드 제2주차장,강원특별자치도 정선군 사북읍 하이원길 175 워터월드 주차타워 우측 외부주차장,X,,계측 불가,모두 사용중,모두 사용중
tracking-20260928-v2,06-127,06 평창_정선,정선 하이랜드호텔,강원특별자치도 정선군 고한읍 고한로 26,X,,계측 불가,불법주차,불법주차
tracking-20260928-v2,06-128,06 평창_정선,메밀꽃필무렵,강원특별자치도 평창군 봉평면 기풍로 50-20 주차장,X,,계측 불가,위치 확인 불가,위치 확인 불가
tracking-20260928-v2,06-129,06 평창_정선,정선군 오베론모텔,강원도 정선군 사북읍 소금강로 3497,X,,계측 불가,충전 오류,충전 오류
tracking-20260928-v2,06-130,06 평창_정선,강원태백 황지동주민센터,강원특별자치도 태백시 황지로 133,X,,계측 불가,위치 이동,위치 이동
tracking-20260928-v2,06-131,06 평창_정선,평창영월정선축협(하나로마트 진부점),강원특별자치도 평창군 진부면 경강로 3609,X,,계측 불가,위치 확인 불가,위치 확인 불가
tracking-20260928-v2,06-032,06 평창_정선,고한 제2공영주차장,강원특별자치도 정선군 고한읍 고한리 104-3 고한 제2공영주차장,O,2026-08-06 11:43:01,정상,,
tracking-20260928-v2,06-132,06 평창_정선,강원랜드인재개발센터,강원특별자치도 정선군 고한읍 고한9길 83 인재개발센터 앞 주차장,X,,계측 불가,출입 불가,출입 불가
tracking-20260928-v2,06-033,06 평창_정선,정선군 메이힐스리조트,강원특별자치도 정선군 고한읍 물한리길 8,O,2026-08-06 16:21:22,정상,,
tracking-20260928-v2,06-133,06 평창_정선,오케이호텔,강원특별자치도 정선군 고한읍 고토일길 102 오케이호텔,X,,계측 불가,모두 사용중,모두 사용중
tracking-20260928-v2,06-134,06 평창_정선,아르데코모텔,강원특별자치도 태백시 오투로 145 아르테코모텔,X,,계측 불가,충전 오류,충전 오류
tracking-20260928-v2,06-135,06 평창_정선,평창 평창돔체육관(용평돔),강원특별자치도 평창군 대관령면 올림픽로 395,X,,계측 불가,충전 오류,충전 오류
tracking-20260928-v2,06-136,06 평창_정선,강원태백 강원관광대학,강원특별자치도 태백시 대학길 97 본관건물 뒤편 주차장,X,,계측 불가,출입 불가,출입 불가
tracking-20260928-v2,06-034,06 평창_정선,용평면사무소,강원특별자치도 평창군 용평면 경강로 2027 용평면사무소,O,2026-08-04 11:03:27,정상,,
tracking-20260928-v2,06-035,06 평창_정선,강원태백 도로관리사업소(태백지소),강원특별자치도 태백시 태백산로 5110 (황지동) 강원도 도로관리사업소 앞 주차장,O,2026-08-05 10:56:00,정상,,
tracking-20260928-v2,06-036,06 평창_정선,서울대학교그린바이오과학기술원,"강원특별자치도 평창군 대화면 평창대로 1447 지하주차장 계단 옆 두번째 기둥, 협력동,게스트하우스,103동,104동 주차장",O,2026-08-03 17:56:18,정상,,
tracking-20260928-v2,06-037,06 평창_정선,모텔예다윈,강원특별자치도 정선군 북평면 북평6길 22,O,2026-08-04 17:30:57,정상,,
tracking-20260928-v2,06-137,06 평창_정선,갤럭시모텔,강원특별자치도 정선군 사북읍 소금강로 3489,X,,계측 불가,모두 사용중,모두 사용중
tracking-20260928-v2,06-138,06 평창_정선,정선군 랜드모텔,강원특별자치도 정선군 사북읍 사북1길 48-8 주차장입구,X,,계측 불가,위치 확인 불가,위치 확인 불가
tracking-20260928-v2,06-139,06 평창_정선,태백눈꽃야영장,강원특별자치도 태백시 태백산로 4773  태백눈꽃야영장,X,,계측 불가,모두 사용중,모두 사용중
tracking-20260928-v2,06-038,06 평창_정선,코레일 고한역,강원특별자치도 정선군 고한읍 고한로 166-5,O,2026-08-06 11:32:45,정상,,
tracking-20260928-v2,06-140,06 평창_정선,강원 태백 태백시청 정문 주차장,강원특별자치도 태백시 태붐로 21 정문 좌측 주차장,X,,계측 불가,kW 변경,kW 변경
tracking-20260928-v2,06-141,06 평창_정선,평창 안미노인정,강원특별자치도 평창군 대화면 하안미2길 14,X,,계측 불가,충전 오류,충전 오류
tracking-20260928-v2,06-039,06 평창_정선,태백센츄리아파트,강원특별자치도 태백시 고원로 79,O,2026-08-05 11:13:07,정상,,
tracking-20260928-v2,06-142,06 평창_정선,카페아저씨,강원특별자치도 태백시 통골길 92(통동),X,,계측 불가,모두 사용중,모두 사용중
tracking-20260928-v2,06-040,06 평창_정선,크로스컨트리센터,강원특별자치도 평창군 대관령면 스포츠파크길 160 크로스컨트리센터,O,2026-08-04 14:36:00,정상,,
tracking-20260928-v2,06-041,06 평창_정선,삼수동주민센터,강원특별자치도 태백시 태백로 758,O,2026-08-05 14:26:10,정상,,
tracking-20260928-v2,06-143,06 평창_정선,강원랜드 마운틴콘도 G동,강원특별자치도 정선군 고한읍 하이원길 265-1 마운틴콘도 G동,X,,계측 불가,출입 불가,출입 불가
tracking-20260928-v2,06-042,06 평창_정선,강원랜드 장비동,강원특별자치도 정선군 고한읍 고한리 산348 스키장 장비동 대형주차장,O,2026-08-06 15:49:59,정상,,
tracking-20260928-v2,06-144,06 평창_정선,강원태백 상장동행정복지센터,강원특별자치도 태백시 태백로 1182,X,,계측 불가,모두 사용중,모두 사용중
tracking-20260928-v2,06-145,06 평창_정선,용평호텔앤리조트1,강원특별자치도 평창군 대관령면 올림픽로 715 주차장,X,,계측 불가,모두 사용중,모두 사용중
tracking-20260928-v2,06-043,06 평창_정선,강원태백 태백스피드웨이,강원특별자치도 태백시 사군드리길 240 (동점동)  지상주차장 엘리베이터 뒤,O,2026-08-05 08:49:45,정상,,
tracking-20260928-v2,06-044,06 평창_정선,태백 고원2체육관,강원특별자치도 태백시 문곡동 10-3 고원2체육관 종합운동장 앞쪽 주차장,O,2026-08-05 09:53:56,정상,,
tracking-20260928-v2,06-146,06 평창_정선,오대산국립공원 월정사주차장(평창),강원특별자치도 평창군 진부면 오대산로 350-1,X,,계측 불가,출입 불가,출입 불가
tracking-20260928-v2,06-147,06 평창_정선,강원 평창군 용평면 방덕골길 213 (저압수용가),강원특별자치도 평창군 용평면 방덕골길 213 강원 평창군 용평면 방덕골길 213 (저압수용가),X,,계측 불가,위치 확인 불가,위치 확인 불가
tracking-20260928-v2,06-148,06 평창_정선,오투리조트스키장,강원특별자치도 태백시 서학로 861,X,,계측 불가,위치 확인 불가,위치 확인 불가
tracking-20260928-v2,06-045,06 평창_정선,평창군 리버파크캠핑장,강원특별자치도 평창군 봉평면 금당계곡로 1468 주차장,O,2026-08-03 15:47:42,정상,,
tracking-20260928-v2,06-149,06 평창_정선,평창군 평창태기산캠핑장펜션,강원특별자치도 평창군 봉평면 진조2길 463-5,X,,계측 불가,모두 사용중,모두 사용중
tracking-20260928-v2,06-150,06 평창_정선,평창 도사리경로당,강원특별자치도 평창군 용평면 도사길 275,X,,계측 불가,충전 오류,충전 오류
tracking-20260928-v2,06-151,06 평창_정선,풀빌라펜션 드위트리-1,강원특별자치도 정선군 남면 지장천로 146-51 주차장,X,,계측 불가,출입 불가|위치 확인 불가,출입 불가|위치 확인 불가
tracking-20260928-v2,06-046,06 평창_정선,강원랜드 팰리스호텔,강원특별자치도 정선군 고한읍 고한리 426 팰리스호텔 C구역 Golf Cart 보관소 앞,O,2026-08-06 10:32:45,정상,,
tracking-20260928-v2,06-152,06 평창_정선,어도원183,강원특별자치도 정선군 북평면 어도원길 183 전주 아래 주차면,X,,계측 불가,모두 사용중,모두 사용중
tracking-20260928-v2,06-153,06 평창_정선,평창 바랑재,강원특별자치도 평창군 대관령면 올림픽로 1169 주차장 내,X,,계측 불가,고장,고장
tracking-20260928-v2,06-154,06 평창_정선,대관령 하늘목장,강원특별자치도 평창군 대관령면 꽃밭양지길 458-23,X,,계측 불가,고장,고장
tracking-20260928-v2,06-155,06 평창_정선,숙암식당,강원특별자치도 정선군 북평면 오대천로 566 전주 근처 입구 면,X,,계측 불가,모두 사용중,모두 사용중
tracking-20260928-v2,06-047,06 평창_정선,정선 아라리호텔,강원특별자치도 정선군 여량면 여량4길 3 / 출입구 우측 벽면,O,2026-08-04 17:14:27,정상,,
tracking-20260928-v2,06-156,06 평창_정선,옥산장돌과이야기,강원특별자치도 정선군 여량면 여량3길 79 입구 우측 전주 부근,X,,계측 불가,모두 사용중,모두 사용중
tracking-20260928-v2,06-157,06 평창_정선,정선군 파인포레스트정선알파인리조트,강원특별자치도 정선군 북평면 중봉길 23,X,,계측 불가,위치 확인 불가,위치 확인 불가
tracking-20260928-v2,06-048,06 평창_정선,코레일 구절리역,강원특별자치도 정선군 여량면 노추산로 745 지상주차장,O,2026-08-04 16:58:28,정상,,
tracking-20260928-v2,06-158,06 평창_정선,BMW차징스테이션 정선파크로쉬 by코오롱모터스,강원특별자치도 정선군 북평면 중봉길 9-12,X,,계측 불가,위치 확인 불가,위치 확인 불가
tracking-20260928-v2,06-049,06 평창_정선,에콜리안정선CC,강원특별자치도 정선군 신동읍 새골길 112-49,O,2026-08-06 14:17:32,정상,,
tracking-20260928-v2,06-050,06 평창_정선,IBS예미랩,강원특별자치도 정선군 신동읍 함백로 211 IBS 예미랩,O,2026-08-06 14:01:45,정상,,
tracking-20260928-v2,06-159,06 평창_정선,오대산국립공원 상원사주차장(평창),강원특별자치도 평창군 진부면 오대산로 1209,X,,계측 불가,출입 불가,출입 불가
tracking-20260928-v2,06-160,06 평창_정선,산너미목장,강원특별자치도 평창군 미탄면 산너미길 210 산너미목장,X,,계측 불가,고장,고장
tracking-20260928-v2,06-051,06 평창_정선,강원정선 여미솔아파트,강원특별자치도 정선군 신동읍 의림로 233 102동 앞 주차장,O,2026-08-06 13:39:12,정상,,
tracking-20260928-v2,06-052,06 평창_정선,강원정선 사북주공아파트 1,"강원특별자치도 정선군 사북읍 도사곡길 21 (주공사북아파트) 201동 7,8라인 앞 지상주차장",O,2026-08-06 08:41:06,정상,,
tracking-20260928-v2,06-161,06 평창_정선,고한시네마타워,강원특별자치도 정선군 고한읍 고한리 63-40 고한8리20리 주차타워,X,,계측 불가,충전 오류,충전 오류
tracking-20260928-v2,06-162,06 평창_정선,강원랜드 마운틴콘도 2,강원특별자치도 정선군 고한읍 고한리 산346 마운틴콘도 D동 앞 지상주차장,X,,계측 불가,위치 확인 불가,위치 확인 불가
tracking-20260928-v2,06-163,06 평창_정선,강원랜드 사회공헌센터,강원특별자치도 정선군 고한읍 고한로 27,X,,계측 불가,출입 불가,출입 불가
tracking-20260928-v2,06-164,06 평창_정선,강원랜드 힐콘도,강원특별자치도 정선군 고한읍 고한리 산1-239 힐콘도 F동 뒤 지상주차장,X,,계측 불가,모두 사용중,모두 사용중
tracking-20260928-v2,06-053,06 평창_정선,강원정선 고한행복주택아파트,강원특별자치도 정선군 고한읍 고한10길 28-24 (고한행복주택) 아파트 정문 주차장,O,2026-08-06 11:23:08,정상,,
tracking-20260928-v2,06-165,06 평창_정선,정선 고한주공아파트,강원특별자치도 정선군 고한읍 고한10길 30,X,,계측 불가,충전 오류,충전 오류
tracking-20260928-v2,06-054,06 평창_정선,정선 고한파인앤유,강원특별자치도 정선군 고한읍 고한7길 20,O,2026-08-06 10:45:32,정상,,
tracking-20260928-v2,06-055,06 평창_정선,휴호텔,강원특별자치도 정선군 고한읍 고토일길 23,O,2026-08-06 16:09:09,정상,,
tracking-20260928-v2,06-056,06 평창_정선,강원정선 사북임대아파트,"강원특별자치도 정선군 사북읍 파랑새길 35 나동 1,2라인 옆 지상주차장",O,2026-08-06 09:21:45,정상,,
tracking-20260928-v2,06-057,06 평창_정선,강원랜드 스키장(밸리콘도),강원특별자치도 정선군 고한읍 하이원길 265-1 밸리콘도 1F 실내주차장,O,2026-08-06 15:49:55,정상,,
tracking-20260928-v2,06-166,06 평창_정선,강원랜드 광장주차장 라운드 1,강원특별자치도 정선군 사북읍 하이원길 175 하이원 그랜드호텔 앞 광장주차장 중앙,X,,계측 불가,출입 불가,출입 불가
tracking-20260928-v2,06-167,06 평창_정선,강원랜드 광장주차장 라운드 2,강원특별자치도 정선군 사북읍 하이원길 175,X,,계측 불가,모두 사용중,모두 사용중
tracking-20260928-v2,06-168,06 평창_정선,꿈의궁전,강원특별자치도 정선군 사북읍 지장천로 455,X,,계측 불가,충전 오류,충전 오류
tracking-20260928-v2,06-169,06 평창_정선,사북초등학교,강원특별자치도 정선군 사북읍 소금강로 3561,X,,계측 불가,모두 사용중,모두 사용중
tracking-20260928-v2,06-058,06 평창_정선,정선 사북선명,강원특별자치도 정선군 사북읍 파랑새길 30,O,2026-08-06 16:46:24,정상,,
tracking-20260928-v2,06-170,06 평창_정선,정선 인투라온 호텔,강원특별자치도 정선군 사북읍 지장천로 583,X,,계측 불가,충전 오류,충전 오류
tracking-20260928-v2,06-059,06 평창_정선,정선소라파크아파트,강원특별자치도 정선군 사북읍 파랑새길 10,O,2026-08-06 09:35:11,정상,,
tracking-20260928-v2,06-171,06 평창_정선,강원랜드 운암정,강원특별자치도 정선군 사북읍 하이원길 265 하이원 리조트 운암정 앞 주차장,X,,계측 불가,출입 불가,출입 불가
tracking-20260928-v2,06-060,06 평창_정선,예미MTB마을 호스텔,강원특별자치도 정선군 신동읍 용수길 68,O,2026-08-06 13:50:05,정상,,
tracking-20260928-v2,06-061,06 평창_정선,정선 신동1단지,강원특별자치도 정선군 신동읍 새골길 110,O,2026-08-06 14:27:51,정상,,
tracking-20260928-v2,06-062,06 평창_정선,정선 함백아파트,강원특별자치도 정선군 신동읍 새골길 70,O,2026-08-06 14:32:06,정상,,
tracking-20260928-v2,06-063,06 평창_정선,강원정선 해피아리아파트,강원특별자치도 정선군 고한읍 고한10길 28-23 아파트출구 지상주차장,O,2026-08-06 10:57:58,정상,,
tracking-20260928-v2,06-172,06 평창_정선,대산하이츠빌아파트,강원특별자치도 태백시 풀미당골길 35,X,,계측 불가,출입 불가,출입 불가
tracking-20260928-v2,06-173,06 평창_정선,유브리안아파트,강원특별자치도 태백시 태백로 1650,X,,계측 불가,고장,고장
tracking-20260928-v2,06-064,06 평창_정선,태백팔마아파트,강원특별자치도 태백시 수아밭길 182,O,2026-08-05 15:32:50,정상,,
tracking-20260928-v2,06-065,06 평창_정선,강원태백 타워빌아파트 2,강원특별자치도 태백시 장성1길 53 104동 뒤 지상주차장,O,2026-08-07 09:23:20,정상,,
tracking-20260928-v2,06-066,06 평창_정선,강원태백 목련2차아파트 1,강원특별자치도 태백시 소도길 83 201동 옆 지상주차장,O,2026-08-05 16:53:32,정상,,
tracking-20260928-v2,06-067,06 평창_정선,강원태백 동점아파트,"강원특별자치도 태백시 동태백로 130 (동점동, 태백동점아파트) 관리사무소 측면",O,2026-08-07 09:46:01,정상,,
tracking-20260928-v2,06-068,06 평창_정선,태백장성동아라이크텐_HU,강원특별자치도 태백시 장성1길 117 태백장성동아라이크텐,O,2026-08-07 09:26:59,정상,,
tracking-20260928-v2,06-069,06 평창_정선,태백 브라이튼아파트,강원특별자치도 태백시 수아밭길 196,O,2026-08-05 15:25:56,정상,,
tracking-20260928-v2,06-070,06 평창_정선,강원태백 선명3차아파트,강원특별자치도 태백시 대학길 44,O,2026-08-05 17:50:16,정상,,
tracking-20260928-v2,06-071,06 평창_정선,태백 대림4차아파트,강원특별자치도 태백시 고원로 145,O,2026-08-07 08:41:36,정상,,
tracking-20260928-v2,06-072,06 평창_정선,태백 대윤아파트,강원특별자치도 태백시 고원로 167,O,2026-08-07 08:37:31,정상,,
tracking-20260928-v2,06-073,06 평창_정선,태백 서학아파트,강원특별자치도 태백시 서학1길 39-5,O,2026-08-05 16:02:28,정상,,
tracking-20260928-v2,06-074,06 평창_정선,태백 예채1차,강원특별자치도 태백시 대학길 81,O,2026-08-07 10:28:27,정상,,
tracking-20260928-v2,06-075,06 평창_정선,태백 유진3차아트빌,강원특별자치도 태백시 번영로 150 유진3차 아트빌,O,2026-08-05 17:08:17,정상,,
tracking-20260928-v2,06-076,06 평창_정선,태백 황지주공1단지아파트,강원특별자치도 태백시 감천로 5,O,2026-08-05 17:39:11,정상,,
tracking-20260928-v2,06-077,06 평창_정선,태백 황지주공3단지아파트,강원특별자치도 태백시 고원로 279,O,2026-08-05 15:46:58,정상,,
tracking-20260928-v2,06-078,06 평창_정선,태백2주공아파트,강원특별자치도 태백시 황지로 29,O,2026-08-05 17:25:59,정상,,
tracking-20260928-v2,06-174,06 평창_정선,태백포레스트애시앙1단지,강원특별자치도 태백시 태붐로 54,X,,계측 불가,위치 확인 불가,위치 확인 불가
tracking-20260928-v2,06-175,06 평창_정선,태백포레스트애시앙2단지,강원특별자치도 태백시 고원로 119,X,,계측 불가,위치 확인 불가,위치 확인 불가
tracking-20260928-v2,06-079,06 평창_정선,태백황지청솔아파트,강원특별자치도 태백시 청솔길 41,O,2026-08-05 17:59:30,정상,,
tracking-20260928-v2,06-176,06 평창_정선,정선군립병원,강원특별자치도 정선군 사북읍 지장천로 727,X,,계측 불가,위치 확인 불가,위치 확인 불가
tracking-20260928-v2,06-080,06 평창_정선,강원태백소도엘에이치천년나무,강원특별자치도 태백시 소도길 60 태백소도엘에이치천년나무,O,2026-08-05 16:37:52,정상,,
tracking-20260928-v2,06-177,06 평창_정선,강원태백철암주공아파트,강원특별자치도 태백시 삼방길 40 태백철암주공아파트,X,,계측 불가,회원카드 결제 불가,회원카드 결제 불가
tracking-20260928-v2,07-001,07 신안_무안_영광,무안군 무안소방서,전라남도 무안군 무안읍 공항로 133,O,2026-08-11 11:10:35,정상,,
tracking-20260928-v2,07-002,07 신안_무안_영광,대송의료재단무안병원,"전라남도 무안군 무안읍 몽탄로 65 (성동리, 무안병원)",O,2026-08-11 13:38:27,정상,,
tracking-20260928-v2,07-003,07 신안_무안_영광,군서면 복지회관(영광),전라남도 영광군 군서면 군서로 61,O,2026-08-12 14:45:59,정상,,
tracking-20260928-v2,07-004,07 신안_무안_영광,영광군농업기술센터,전라남도 영광군 군서면 백수로 1481 영광군,O,2026-08-12 14:19:28,정상,,
tracking-20260928-v2,07-005,07 신안_무안_영광,송림그린테크농공단지(영광),전라남도 영광군 영광읍 그린테크로 3,O,2026-08-12 14:29:09,정상,,
tracking-20260928-v2,07-006,07 신안_무안_영광,대호관광개발주식회사,전라남도 영광군 백수읍 해안로 1362-70 영광컨트리클럽,O,2026-08-12 11:11:20,정상,,
tracking-20260928-v2,07-081,07 신안_무안_영광,주식회사 거성기계,전라남도 영광군 영광읍 천년로 1400 주식회사 거성기계,X,,계측 불가,모두 사용중,모두 사용중
tracking-20260928-v2,07-082,07 신안_무안_영광,썸무인호텔(OCPP),전라남도 영광군 영광읍 천년로12길 58 썸무인호텔,X,,계측 불가,충전 오류,충전 오류
tracking-20260928-v2,07-083,07 신안_무안_영광,영광군보건소,전라남도 영광군 영광읍 신남로4길 17,X,,계측 불가,충전 오류,충전 오류
tracking-20260928-v2,07-007,07 신안_무안_영광,영광소방서,전라남도 영광군 영광읍 함영로 3508 영광소방서,O,2026-08-12 15:36:09,정상,,
tracking-20260928-v2,07-008,07 신안_무안_영광,영광군청 기록관,전라남도 영광군 영광읍 천년로13길 91-5,O,2026-08-13 18:06:37,정상,,
tracking-20260928-v2,07-009,07 신안_무안_영광,무안군 황토랑관광농원펜션,전라남도 무안군 몽탄면 영산강로 2635 주차장,O,2026-08-11 13:57:05,정상,,
tracking-20260928-v2,07-010,07 신안_무안_영광,영광군청 부설주차장,전라남도 영광군 영광읍 중앙로 203,O,2026-08-13 18:13:41,정상,,
tracking-20260928-v2,07-084,07 신안_무안_영광,주포권역 다목적복지센터,전라남도 함평군 함평읍 석성리 312-13,X,,계측 불가,회원카드 결제 불가,회원카드 결제 불가
tracking-20260928-v2,07-011,07 신안_무안_영광,영광군 영광장례식장,전라남도 영광군 영광읍 영대로 238,O,2026-08-13 17:49:45,정상,,
tracking-20260928-v2,07-012,07 신안_무안_영광,정다운교회,전라남도 영광군 법성면 샘목로 51,O,2026-08-12 10:26:31,정상,,
tracking-20260928-v2,07-013,07 신안_무안_영광,한국농어촌공사함평지사,전라남도 함평군 함평읍 기산길 29-10,O,2026-08-11 15:20:01,정상,,
tracking-20260928-v2,07-085,07 신안_무안_영광,함평읍 공영주차장,전라남도 함평군 함평읍 영수길 192,X,,계측 불가,회원카드 결제 불가,회원카드 결제 불가
tracking-20260928-v2,07-014,07 신안_무안_영광,한국도로공사 함평지사,전라남도 함평군 함평읍 함영로 1435-11 지상 주차장,O,2026-08-11 16:18:40,정상,,
tracking-20260928-v2,07-015,07 신안_무안_영광,함평엘리체컨트리클럽,전라남도 함평군 학교면 서당매길 242,O,2026-08-11 14:17:22,정상,,
tracking-20260928-v2,07-086,07 신안_무안_영광,전남함평 대동면사무소,전라남도 함평군 대동면 대동길 5-10,X,,계측 불가,모두 사용중,모두 사용중
tracking-20260928-v2,07-087,07 신안_무안_영광,함평군 함평영화학교,전라남도 함평군 함평읍 한나리길 10-25,X,,계측 불가,위치 확인 불가,위치 확인 불가
tracking-20260928-v2,07-016,07 신안_무안_영광,묘량면 복지회관(영광),전라남도 영광군 묘량면 묘량로 283,O,2026-08-13 17:32:56,정상,,
tracking-20260928-v2,07-017,07 신안_무안_영광,홍농읍사무소(영광),전라남도 영광군 홍농읍 상하길 43,O,2026-08-12 09:54:26,정상,,
tracking-20260928-v2,07-088,07 신안_무안_영광,영광군 한빛원자력본부사택,전라남도 영광군 홍농읍 홍농로 546 시설서비스주차장,X,,계측 불가,출입 불가,출입 불가
tracking-20260928-v2,07-089,07 신안_무안_영광,세븐일레븐영암삼호점,전라남도 영암군 삼호읍 녹색로 836 세븐일레븐영암삼호점,X,,계측 불가,모두 사용중,모두 사용중
tracking-20260928-v2,07-090,07 신안_무안_영광,재단법인전남테크노파크(조선산업센터),전라남도 영암군 삼호읍 대불주거3로 55,X,,계측 불가,kW 변경,kW 변경
tracking-20260928-v2,07-091,07 신안_무안_영광,삼호고등학교,전라남도 영암군 삼호읍 방아제로 84 삼호고등학교,X,,계측 불가,kW 변경,kW 변경
tracking-20260928-v2,07-018,07 신안_무안_영광,삼호퀸스빌2차,전라남도 영암군 삼호읍 삼호중앙로 129,O,2026-08-10 15:29:09,정상,,
tracking-20260928-v2,07-019,07 신안_무안_영광,영암대불렉시안아파트,전라남도 영암군 삼호읍 대불주거8로 55,O,2026-08-10 15:19:28,정상,,
tracking-20260928-v2,07-092,07 신안_무안_영광,호남컨테이너,전라남도 영암군 삼호읍 녹색로 939 사무실 좌측,X,,계측 불가,모두 사용중,모두 사용중
tracking-20260928-v2,07-093,07 신안_무안_영광,한국자동차연구원(영암),전라남도 영암군 삼호읍 에프원로 46,X,,계측 불가,회원카드 결제 불가,회원카드 결제 불가
tracking-20260928-v2,07-094,07 신안_무안_영광,스크린골프장 영암점,"전라남도 영암군 삼호읍 대불로 144, 대불로 142, 대불로 148 지상주차장",X,,계측 불가,고장,고장
tracking-20260928-v2,07-020,07 신안_무안_영광,전남 영암군 월출산기찬랜드,전라남도 영암군 영암읍 기찬랜드로 19-10 월출산기찬랜드,O,2026-08-10 16:40:05,정상,,
tracking-20260928-v2,07-021,07 신안_무안_영광,영암군 제일장례문화원,전라남도 영암군 영암읍 예향로 1688,O,2026-08-10 17:16:23,정상,,
tracking-20260928-v2,07-022,07 신안_무안_영광,청송2차드림빌아파트,전라남도 영암군 영암읍 역몰길 24,O,2026-08-10 17:09:30,정상,,
tracking-20260928-v2,07-023,07 신안_무안_영광,경찰전남읍내파출소,전라남도 영암군 영암읍 낭주로 178 읍내지구대,O,2026-08-10 16:58:13,정상,,
tracking-20260928-v2,07-024,07 신안_무안_영광,영암실내체육관,전라남도 영암군 영암읍 영암로 1527 영암군,O,2026-08-10 16:45:25,정상,,
tracking-20260928-v2,07-025,07 신안_무안_영광,건강보험공단 영암장흥지사,전라남도 영암군 영암읍 오리정길 46 건강보험공단 영암장흥지사,O,2026-08-10 16:51:31,정상,,
tracking-20260928-v2,07-095,07 신안_무안_영광,영암군 현대삼호중공업,전라남도 영암군 삼호읍 대불로 93,X,,계측 불가,출입 불가,출입 불가
tracking-20260928-v2,07-096,07 신안_무안_영광,프리마호텔,전라남도 영암군 삼호읍 대불로 92-6 지상주차장,X,,계측 불가,회원카드 결제 불가,회원카드 결제 불가
tracking-20260928-v2,07-026,07 신안_무안_영광,호텔현대바이라한목포,전라남도 영암군 삼호읍 대불로 91 호텔현대바이라한목포,O,2026-08-10 13:02:35,정상,,
tracking-20260928-v2,07-027,07 신안_무안_영광,영암국제자동차경기장,전라남도 영암군 삼호읍 에프원로 2,O,2026-08-10 13:58:07,정상,,
tracking-20260928-v2,07-097,07 신안_무안_영광,제오빌더,전라남도 영암군 삼호읍 산단서부로1길 37,X,,계측 불가,불법주차,불법주차
tracking-20260928-v2,07-098,07 신안_무안_영광,전남영암 주식회사보원엠엔피,전라남도 영암군 삼호읍 나불로 133 출입구 차단기 옆 지상주차장,X,,계측 불가,출입 불가,출입 불가
tracking-20260928-v2,07-028,07 신안_무안_영광,영광군 해주아파트,전라남도 영광군 홍농읍 홍농로 442-29 관리실옆주차장,O,2026-08-12 10:06:34,정상,,
tracking-20260928-v2,07-029,07 신안_무안_영광,숲쟁이꽃동산주차장(영광),전라남도 영광군 법성면 숲쟁이길 77-8 영광군,O,2026-08-12 10:58:53,정상,,
tracking-20260928-v2,07-030,07 신안_무안_영광,법성면커뮤니티센터(영광),전라남도 영광군 법성면 법성포로3길 26-10,O,2026-08-12 10:45:42,정상,,
tracking-20260928-v2,07-099,07 신안_무안_영광,모두원웰리스,전라남도 영광군 영광읍 천년로 1440-26 모두원웰리스,X,,계측 불가,kW 변경|회원카드 결제 불가,kW 변경|회원카드 결제 불가
tracking-20260928-v2,07-100,07 신안_무안_영광,영광생활체육공원,전라남도 영광군 영광읍 물무로 219,X,,계측 불가,모두 사용중,모두 사용중
tracking-20260928-v2,07-031,07 신안_무안_영광,한빛원전 환경안전 감시센터(영광),전라남도 영광군 천년로7길 23-7,O,2026-08-12 14:54:32,정상,,
tracking-20260928-v2,07-032,07 신안_무안_영광,영광방사능방재센터,전라남도 영광군 군서면 복호로 7,O,2026-08-12 14:35:07,정상,,
tracking-20260928-v2,07-101,07 신안_무안_영광,함평농공단지 공용주차장,전라남도 함평군 함평읍 함영로 1685-35,X,,계측 불가,회원카드 결제 불가,회원카드 결제 불가
tracking-20260928-v2,07-102,07 신안_무안_영광,함평읍 시가지 공영주차장,전라남도 함평군 함평읍 서부길 41-49,X,,계측 불가,회원카드 결제 불가,회원카드 결제 불가
tracking-20260928-v2,07-033,07 신안_무안_영광,함평농촌신활력혁신센터,전라남도 함평군 함평읍 함장로 1158,O,2026-08-11 14:51:32,정상,,
tracking-20260928-v2,07-103,07 신안_무안_영광,함평파크골프장,전라남도 함평군 함평읍 곤재로 83,X,,계측 불가,회원카드 결제 불가,회원카드 결제 불가
tracking-20260928-v2,07-034,07 신안_무안_영광,함평소방서,전라남도 함평군 대동면 학동로 386,O,2026-08-11 14:40:57,정상,,
tracking-20260928-v2,07-035,07 신안_무안_영광,무안군 보건소,전라남도 무안군 무안읍 면성1길 128,O,2026-08-11 13:07:39,정상,,
tracking-20260928-v2,07-104,07 신안_무안_영광,무안군 초당대학교,전라남도 무안군 무안읍 무안로 380 주차장,X,,계측 불가,충전 오류,충전 오류
tracking-20260928-v2,07-036,07 신안_무안_영광,전남서남부채소농협,전라남도 무안군 현경면 현해로 381,O,2026-08-11 10:27:59,정상,,
tracking-20260928-v2,07-037,07 신안_무안_영광,망운면사무소,전라남도 무안군 망운면 운해로 1436-10,O,2026-08-11 10:44:01,정상,,
tracking-20260928-v2,07-105,07 신안_무안_영광,현경면사무소,전라남도 무안군 현경면 현해로 84,X,,계측 불가,충전 오류,충전 오류
tracking-20260928-v2,07-106,07 신안_무안_영광,무안종합스포츠파크,전라남도 무안군 현경면 공항로 345,X,,계측 불가,고장,고장
tracking-20260928-v2,07-038,07 신안_무안_영광,설도젓갈타운(영광),전라남도 영광군 염산면 향화로5길 23-7 영광군,O,2026-08-12 12:12:13,정상,,
tracking-20260928-v2,07-039,07 신안_무안_영광,염산면사무소(영광),전라남도 영광군 염산면 천년로1길 1-3 영광군,O,2026-08-12 11:59:00,정상,,
tracking-20260928-v2,07-107,07 신안_무안_영광,재단법인전남테크노파크(에너지산업센타),전라남도 영광군 백수읍 백수로3길 132-1,X,,계측 불가,모두 사용중,모두 사용중
tracking-20260928-v2,07-040,07 신안_무안_영광,영광백수읍복지회관,전라남도 영광군 백수읍 백수로10길 10 백수읍행정복지회관,O,2026-08-12 14:04:20,정상,,
tracking-20260928-v2,07-108,07 신안_무안_영광,나주토담,전라남도 영광군 백수읍 백수로 1121,X,,계측 불가,위치 확인 불가,위치 확인 불가
tracking-20260928-v2,07-041,07 신안_무안_영광,영광테마식물원주차장,전라남도 영광군 홍농읍 진덕리 870,O,2026-08-12 09:30:10,정상,,
tracking-20260928-v2,07-042,07 신안_무안_영광,영광장애인복지타운,전라남도 영광군 영광읍 옥당로 50,O,2026-08-12 15:50:54,정상,,
tracking-20260928-v2,07-043,07 신안_무안_영광,영광스포츠센터,전라남도 영광군 영광읍 월현로 170,O,2026-08-12 15:14:14,정상,,
tracking-20260928-v2,07-044,07 신안_무안_영광,가도스타디움,전라남도 신안군 지도읍 송도1길 31,O,2026-08-11 08:58:26,정상,,
tracking-20260928-v2,07-045,07 신안_무안_영광,송도유통센터,전라남도 신안군 지도읍 송도2길 38 송도유통센터,O,2026-08-11 08:47:46,정상,,
tracking-20260928-v2,07-046,07 신안_무안_영광,영광법성성산아파트,전라남도 영광군 법성면 법성길1길 51 영광법성성산아파트,O,2026-08-12 10:37:35,정상,,
tracking-20260928-v2,07-109,07 신안_무안_영광,삼미랑어촌체험관,전라남도 영광군 백수읍 해안로 1188,X,,계측 불가,충전 오류,충전 오류
tracking-20260928-v2,07-047,07 신안_무안_영광,가마미해수욕장주차장(영광),전라남도 영광군 홍농읍 계마리 797,O,2026-08-12 09:07:43,정상,,
tracking-20260928-v2,07-048,07 신안_무안_영광,전남서남부채소농협 해제사업소,전라남도 무안군 해제면 달바위길 87,O,2026-08-11 09:34:51,정상,,
tracking-20260928-v2,07-049,07 신안_무안_영광,무안 황토갯벌랜드,전라남도 무안군 해제면 황토갯벌길 106,O,2026-08-11 09:58:49,정상,,
tracking-20260928-v2,07-050,07 신안_무안_영광,신안군 오름66민박,전남광주통합특별시 신안군 지도읍 동천길 66 주차장,O,2026-08-11 09:21:34,정상,,
tracking-20260928-v2,07-110,07 신안_무안_영광,518기념문화관,전남광주통합특별시 서구 내방로 152,X,,계측 불가,회원카드 결제 불가,회원카드 결제 불가
tracking-20260928-v2,07-111,07 신안_무안_영광,함평군노인복지회관,전라남도 함평군 함평읍 중앙길 39,X,,계측 불가,회원카드 결제 불가,회원카드 결제 불가
tracking-20260928-v2,07-112,07 신안_무안_영광,렌탈컨테이너,전라남도 영암군 삼호읍 녹색로 949 입구 우측 담장 밑,X,,계측 불가,모두 사용중,모두 사용중
tracking-20260928-v2,07-113,07 신안_무안_영광,CJ택배 전남함평 (완속충전기),전라남도 함평군 대동면 영수길 365 CJ택배 전남함평 (완속충전기),X,,계측 불가,선 없음,선 없음
tracking-20260928-v2,07-114,07 신안_무안_영광,함평문화체육센터 스포츠텔,전라남도 함평군 대동면 함장로 1377,X,,계측 불가,회원카드 결제 불가,회원카드 결제 불가
tracking-20260928-v2,07-115,07 신안_무안_영광,함평문화원,전라남도 함평군 함평읍 기산길 163-16,X,,계측 불가,회원카드 결제 불가,회원카드 결제 불가
tracking-20260928-v2,07-116,07 신안_무안_영광,동함평일반산업단지 공용주차장,전라남도 함평군 대동면 동함평산단길 106,X,,계측 불가,회원카드 결제 불가,회원카드 결제 불가
tracking-20260928-v2,07-117,07 신안_무안_영광,함평군양서파충류생태공원,전라남도 함평군 신광면 학동로 1398-9,X,,계측 불가,회원카드 결제 불가,회원카드 결제 불가
tracking-20260928-v2,07-051,07 신안_무안_영광,군서면 행정복지센터(영암),전라남도 영암군 군서면 왕인로 762,O,2026-08-10 16:23:26,정상,,
tracking-20260928-v2,07-118,07 신안_무안_영광,영암군 그랜드모텔,전라남도 영암군 학산면 노정길 5 주차장,X,,계측 불가,모두 사용중,모두 사용중
tracking-20260928-v2,07-119,07 신안_무안_영광,영암 요한이네할인매장,전라남도 영암군 삼호읍 녹색로 600 1층주차장,X,,계측 불가,출입 불가,출입 불가
tracking-20260928-v2,07-052,07 신안_무안_영광,한옥호텔영산재전남개발공사,전라남도 영암군 삼호읍 나불외도로 126-17,O,2026-08-10 14:46:51,정상,,
tracking-20260928-v2,07-120,07 신안_무안_영광,동아보건대학교,전라남도 영암군 학산면 영산로 76-57 동아보건대학교,X,,계측 불가,kW 변경,kW 변경
tracking-20260928-v2,07-053,07 신안_무안_영광,군서농협(본점),전라남도 영암군 군서면 도갑사로 7,O,2026-08-10 16:09:56,정상,,
tracking-20260928-v2,07-054,07 신안_무안_영광,영암희망가아파트,전라남도 영암군 삼호읍 모밀항길 39-18,O,2026-08-10 13:40:34,정상,,
tracking-20260928-v2,07-121,07 신안_무안_영광,황소주차장,전라남도 함평군 함평읍 내교리 828-56,X,,계측 불가,회원카드 결제 불가,회원카드 결제 불가
tracking-20260928-v2,07-122,07 신안_무안_영광,상해 임시정부청사 및 일강 김철 기념관,전라남도 함평군 신광면 일강로 873-12,X,,계측 불가,회원카드 결제 불가,회원카드 결제 불가
tracking-20260928-v2,07-123,07 신안_무안_영광,엄다오선박주권역다목적센터,전라남도 함평군 엄다면 엄다길 76,X,,계측 불가,회원카드 결제 불가,회원카드 결제 불가
tracking-20260928-v2,07-124,07 신안_무안_영광,해보농공단지 공용주차장,전라남도 함평군 해보면 용산리 1239-4,X,,계측 불가,회원카드 결제 불가,회원카드 결제 불가
tracking-20260928-v2,07-125,07 신안_무안_영광,전남야구장,전라남도 함평군 대동면 올림픽로 281-20,X,,계측 불가,회원카드 결제 불가,회원카드 결제 불가
tracking-20260928-v2,07-126,07 신안_무안_영광,함평군농업기술센터 교육관,전라남도 함평군 학교면 학교화산길 90,X,,계측 불가,회원카드 결제 불가,회원카드 결제 불가
tracking-20260928-v2,07-127,07 신안_무안_영광,함평군 귀농어귀촌 체류형 지원센터,전라남도 함평군 학교면 영산로 3673,X,,계측 불가,회원카드 결제 불가,회원카드 결제 불가
tracking-20260928-v2,07-128,07 신안_무안_영광,학교면사무소,전라남도 함평군 학교면 학다리길 330,X,,계측 불가,회원카드 결제 불가,회원카드 결제 불가
tracking-20260928-v2,07-129,07 신안_무안_영광,학나래문화센터,전라남도 함평군 학교면 학다리길 418,X,,계측 불가,회원카드 결제 불가,회원카드 결제 불가
tracking-20260928-v2,07-130,07 신안_무안_영광,함평군민복지회관 지상주차장,전라남도 함평군 함평읍 남일길 52,X,,계측 불가,회원카드 결제 불가,회원카드 결제 불가
tracking-20260928-v2,07-131,07 신안_무안_영광,함평군청 실내주차장 주차타워 1층,전라남도 함평군 함평읍 중앙길 200,X,,계측 불가,회원카드 결제 불가,회원카드 결제 불가
tracking-20260928-v2,07-132,07 신안_무안_영광,함평천지종합복지관 농구장,전라남도 함평군 함평읍 들샘길 36,X,,계측 불가,회원카드 결제 불가,회원카드 결제 불가
tracking-20260928-v2,07-133,07 신안_무안_영광,무안 농협 (완속충전기),전남광주통합특별시 무안군 무안읍 공항로 105 무안 농협(완속충전기),X,,계측 불가,충전 오류,충전 오류
tracking-20260928-v2,07-134,07 신안_무안_영광,CJ택배 전남영광서부 (완속충전기),전남광주통합특별시 영광군 영광읍 신남로2길 9 CJ택배 전남영광서부 (완속충전기),X,,계측 불가,충전 오류,충전 오류
tracking-20260928-v2,07-055,07 신안_무안_영광,광주 하남제일파크맨션,전남광주통합특별시 광산구 월곡산정로 20,O,2026-08-13 16:30:14,정상,,
tracking-20260928-v2,07-056,07 신안_무안_영광,광주광역시 광산구 동산아파트,전남광주통합특별시 광산구 월곡산정로 20-49,O,2026-08-13 16:43:18,정상,,
tracking-20260928-v2,07-057,07 신안_무안_영광,신완마을휴먼시아6단지,전남광주통합특별시 광산구 풍영로329번길 51,O,2026-08-13 14:23:31,정상,,
tracking-20260928-v2,07-058,07 신안_무안_영광,광주광산 교촌에프앤비 서부복합센터,전남광주통합특별시 광산구 사암로 684 중앙 건물 앞 주차장,O,2026-08-13 13:59:58,정상,,
tracking-20260928-v2,07-059,07 신안_무안_영광,광주광역시 광산구 신완마을7단지,"전남광주통합특별시 광산구 풍영로329번길 50 지하1층 1주차장 B1기둥, 지하1층 6주차장 D4기둥",O,2026-08-13 14:13:33,정상,,
tracking-20260928-v2,07-060,07 신안_무안_영광,광주 경제고용진흥원,전남광주통합특별시 광산구 하남산단8번로 177 광주 경제고용진흥원,O,2026-08-13 12:10:15,정상,,
tracking-20260928-v2,07-061,07 신안_무안_영광,하남지구 비아호반아파트,전남광주통합특별시 광산구 비아로 185 하남지구 비아호반아파트,O,2026-08-13 11:14:58,정상,,
tracking-20260928-v2,07-062,07 신안_무안_영광,광주광산 수완세영리첼아파트,전남광주통합특별시 광산구 풍영로 294-23,O,2026-08-13 14:51:49,정상,,
tracking-20260928-v2,07-063,07 신안_무안_영광,광주광산 도천중흥2차아파트 1,전남광주통합특별시 광산구 비아로62번길 12 107동 옆 지상주차장,O,2026-08-13 11:39:55,정상,,
tracking-20260928-v2,07-064,07 신안_무안_영광,수완1차부영아파트,전남광주통합특별시 광산구 장덕로6번길 59 수완1차부영아파트,O,2026-08-13 15:15:09,정상,,
tracking-20260928-v2,07-065,07 신안_무안_영광,고실마을휴먼시아8단지,전남광주통합특별시 광산구 풍영로330번길 15,O,2026-08-13 14:32:14,정상,,
tracking-20260928-v2,07-135,07 신안_무안_영광,수완801,전남광주통합특별시 광산구 임방울대로 516,X,,계측 불가,충전 오류,충전 오류
tracking-20260928-v2,07-066,07 신안_무안_영광,광주광산 황금바다,전남광주통합특별시 광산구 비아동원촌길 51 (비아동) 지상주차장,O,2026-08-13 11:28:18,정상,,
tracking-20260928-v2,07-067,07 신안_무안_영광,광주광산 수완영무예다음아파트 1,전남광주통합특별시 광산구 장덕로95번길 15 102동 옆 지상주차장,O,2026-08-13 15:00:23,정상,,
tracking-20260928-v2,07-136,07 신안_무안_영광,주)씨에스건설_남양휴튼더퍼스트,전남광주통합특별시 나주시 나주로 83-28,X,,계측 불가,회원카드 결제 불가|kW 변경,회원카드 결제 불가|kW 변경
tracking-20260928-v2,07-137,07 신안_무안_영광,달빛마을 세움트리,전남광주통합특별시 나주시 송월14길 5 달빛마을 세움트리,X,,계측 불가,kW 변경|회원카드 결제 불가,kW 변경|회원카드 결제 불가
tracking-20260928-v2,07-068,07 신안_무안_영광,전남무안 무안성내휴먼시아 1,"전남 무안군 무안읍 공항로 75-9 102동 1,4라인 앞 지상주차장",O,2026-08-11 11:46:42,정상,,
tracking-20260928-v2,07-138,07 신안_무안_영광,청미래 아파트,전남광주통합특별시 영광군 홍농읍 상하길 91 구내주차장,X,,계측 불가,고장,고장
tracking-20260928-v2,07-069,07 신안_무안_영광,영광승마장,전남광주통합특별시 영광군 홍농읍 홍농로 574-40,O,2026-08-12 09:31:52,정상,,
tracking-20260928-v2,07-070,07 신안_무안_영광,광주우석빌딩,전남광주통합특별시 광산구 풍영로 83 우석빌딩,O,2026-08-13 15:41:17,정상,,
tracking-20260928-v2,07-071,07 신안_무안_영광,광주광산 다사로움3차아파트1,전남광주통합특별시 광산구 하남대로54번안길 115,O,2026-08-13 15:56:37,정상,,
tracking-20260928-v2,07-072,07 신안_무안_영광,하남2지구 다사로움 2단지 아파트,전남광주통합특별시 광산구 목련로 15 하남2지구 다사로움 2단지 아파트,O,2026-08-13 16:04:47,정상,,
tracking-20260928-v2,07-139,07 신안_무안_영광,함평한국아델리움더퍼스트 (완속충전기),전남광주통합특별시 함평군 함평읍 영수길 316-12 함평한국아델리움더퍼스트 (완속충전기),X,,계측 불가,충전 오류,충전 오류
tracking-20260928-v2,07-073,07 신안_무안_영광,무안광명샤인빌,전남광주통합특별시 무안군 창포로 16,O,2026-08-11 11:53:33,정상,,
tracking-20260928-v2,07-140,07 신안_무안_영광,나주 부영아파트1차,전남광주통합특별시 나주시 삼영1길 61 나주 부영아파트1차,X,,계측 불가,kW 변경,kW 변경
tracking-20260928-v2,07-074,07 신안_무안_영광,무안 서라아파트,전남광주통합특별시 무안군 무안읍 면성1길 146,O,2026-08-11 13:25:28,정상,,
tracking-20260928-v2,07-141,07 신안_무안_영광,무안 승원팰리채더클래스,전남광주통합특별시 무안군 무안읍 성남1길 101 무안 승원팰리채 더클래스 아파트,X,,계측 불가,출입 불가,출입 불가
tracking-20260928-v2,07-142,07 신안_무안_영광,마음의고향,전남광주통합특별시 무안군 현경면 현해로 335-31,X,,계측 불가,모두 사용중,모두 사용중
tracking-20260928-v2,07-143,07 신안_무안_영광,전남무안 금광브니엘 1,전남광주통합특별시 무안군 무안읍 승달로 12 101동 뒤편 지상주차장,X,,계측 불가,충전 오류,충전 오류
tracking-20260928-v2,07-075,07 신안_무안_영광,광주학생교육문화회관,전남광주통합특별시 서구 상무민주로 61 광주학생교육문화회관,O,2026-08-13 10:16:47,정상,,
tracking-20260928-v2,07-144,07 신안_무안_영광,상무3차호반리젠시빌,전남광주통합특별시 서구 상일로 53,X,,계측 불가,kW 변경,kW 변경
tracking-20260928-v2,07-076,07 신안_무안_영광,상무모아제일아파트,전남광주통합특별시 서구 상일로 37 상무모아제일아파트,O,2026-08-13 09:47:42,정상,,
tracking-20260928-v2,07-077,07 신안_무안_영광,광주광역시 서구 우미아트빌,전남광주통합특별시 서구 상무민주로 120,O,2026-08-13 09:36:12,정상,,
tracking-20260928-v2,07-078,07 신안_무안_영광,영산강유역환경청,전남광주통합특별시 서구 계수로 31 주차장,O,2026-08-13 10:43:21,정상,,
tracking-20260928-v2,07-079,07 신안_무안_영광,광주 서구 콜롬버스시네마,전남광주통합특별시 서구 시청로60번길 21-9,O,2026-08-13 10:32:09,정상,,
tracking-20260928-v2,07-080,07 신안_무안_영광,상무힐스테이트아파트,전남광주통합특별시 서구 상무대로911번길 42 상무힐스테이트아파트,O,2026-08-13 10:07:08,정상,,
tracking-20260928-v2,08-081,08 포항,호미곶면행정복지센터,경상북도 포항시 남구 호미곶면 해맞이로 242,X,,계측 불가,충전 오류|선 없음,충전 오류|선 없음
tracking-20260928-v2,08-082,08 포항,대구교육해양수련원,경상북도 포항시 북구 흥해읍 해안로 1252 주차장,X,,계측 불가,고장,고장
tracking-20260928-v2,08-083,08 포항,BMW차징스테이션 안전로봇실증센터,경상북도 포항시 북구 흥해읍 해안로1106번길 30,X,,계측 불가,출입 불가,출입 불가
tracking-20260928-v2,08-084,08 포항,포항시 소원펜션,경상북도 포항시 북구 흥해읍 용한길244번길 37-16 주차장,X,,계측 불가,위치 확인 불가,위치 확인 불가
tracking-20260928-v2,08-085,08 포항,씨엔242 펜션,경상북도 포항시 북구 청하면 해안로1918번길 34 씨엔242 펜션,X,,계측 불가,불법주차,불법주차
tracking-20260928-v2,08-001,08 포항,환여동 행정복지센터,경상북도 포항시 북구 삼호로 457,O,2026-08-18 17:05:20,정상,,
tracking-20260928-v2,08-002,08 포항,포항시 포스코건설,경상북도 포항시 남구 대송로 180 주차장,O,2026-08-19 16:57:55,정상,,
tracking-20260928-v2,08-003,08 포항,이마트포항점E,경상북도 포항시 남구 냉천로 10 이마트포항점 3층,O,2026-08-19 15:54:20,정상,,
tracking-20260928-v2,08-004,08 포항,파인웨이브펜션,경상북도 포항시 남구 구룡포읍 동해안로 4482,O,2026-08-17 14:12:02,정상,,
tracking-20260928-v2,08-086,08 포항,포항시 포스코ICT 본사,경상북도 포항시 남구 호동로 68  HRD본관 주차장,X,,계측 불가,출입 불가,출입 불가
tracking-20260928-v2,08-005,08 포항,포항시 포스코축구장남문주차장,경상북도 포항시 남구 동해안로6213번길 20 포스코축구장 남문주차장,O,2026-08-19 16:13:16,정상,,
tracking-20260928-v2,08-087,08 포항,기아 한동대리점,경상북도 포항시 북구 천마로 30,X,,계측 불가,회원카드 결제 불가,회원카드 결제 불가
tracking-20260928-v2,08-088,08 포항,내자리빌딩,경상북도 포항시 북구 장량로32번길 85 후면 전용주차장,X,,계측 불가,모두 사용중,모두 사용중
tracking-20260928-v2,08-006,08 포항,산호그린맨션1차,경상북도 포항시 북구 삼흥로18번길 6,O,2026-08-18 17:48:15,정상,,
tracking-20260928-v2,08-007,08 포항,송라면행정복지센터,경상북도 포항시 북구 송라면 보경로 56,O,2026-08-18 09:18:31,정상,,
tracking-20260928-v2,08-008,08 포항,포항썬팅,경상북도 포항시 남구 희망대로 941 포항썬팅,O,2026-08-19 10:51:14,정상,,
tracking-20260928-v2,08-089,08 포항,카짐 포항점,경상북도 포항시 북구 천마로72번길 14 카짐 포항점,X,,계측 불가,회원카드 결제 불가,회원카드 결제 불가
tracking-20260928-v2,08-090,08 포항,포항문화재단,경상북도 포항시 남구 희망대로 850 포항문화재단,X,,계측 불가,고장,고장
tracking-20260928-v2,08-091,08 포항,웰빙모텔,경상북도 포항시 남구 오천읍 문덕로 23,X,,계측 불가,회원카드 결제 불가,회원카드 결제 불가
tracking-20260928-v2,08-009,08 포항,에코호텔,경상북도 포항시 남구 포스코대로 430,O,2026-08-19 11:01:25,정상,,
tracking-20260928-v2,08-010,08 포항,오천읍 체육문화타운,경상북도 포항시 남구 오천읍 냉천로 580 오천읍 체육문화타운,O,2026-08-17 17:37:29,정상,,
tracking-20260928-v2,08-092,08 포항,더누벨(예식장),경상북도 포항시 남구 대도동 174-4,X,,계측 불가,고장,고장
tracking-20260928-v2,08-093,08 포항,포항 로뎀요양병원,경상북도 포항시 북구 법원로116번길 55,X,,계측 불가,고장,고장
tracking-20260928-v2,08-011,08 포항,포항시 구세군포항사랑영문,경상북도 포항시 북구 장량로61번길 18,O,2026-08-18 14:44:29,정상,,
tracking-20260928-v2,08-012,08 포항,포항시 대우네오빌3차,경상북도 포항시 남구 연일읍 연일로145번길 53,O,2026-08-19 17:34:33,정상,,
tracking-20260928-v2,08-094,08 포항,닥터우의원,경상북도 포항시 북구 삼흥로233번길 1-16 (장성동),X,,계측 불가,kW 변경,kW 변경
tracking-20260928-v2,08-013,08 포항,삼주용산타운,경상북도 포항시 남구 오천읍 정몽주로 164,O,2026-08-17 17:21:27,정상,,
tracking-20260928-v2,08-014,08 포항,신문덕코아루,경상북도 포항시 남구 오천읍 해병로489번길 9,O,2026-08-19 13:49:00,정상,,
tracking-20260928-v2,08-015,08 포항,유니클로 포항해도점,경상북도 포항시 남구 해도동 540,O,2026-08-19 09:45:42,정상,,
tracking-20260928-v2,08-095,08 포항,포항 연일초등학교,"경상북도 포항시 남구 연일읍 철강로25번길 40 (생지리, 연일초등학교)",X,,계측 불가,출입 불가,출입 불가
tracking-20260928-v2,08-016,08 포항,포항 세명기독병원,경상북도 포항시 남구 포스코대로353번길 16,O,2026-08-20 09:32:31,정상,,
tracking-20260928-v2,08-096,08 포항,포항학산타워,"경상북도 포항시 남구 중앙로 154 (해도동, 학산타워빌딩)",X,,계측 불가,위치 확인 불가,위치 확인 불가
tracking-20260928-v2,08-097,08 포항,우방비치타운,경상북도 포항시 북구 삼호로 175,X,,계측 불가,회원카드 결제 불가,회원카드 결제 불가
tracking-20260928-v2,08-017,08 포항,송정한일맨션,경상북도 포항시 북구 죽도로68번길 19,O,2026-08-19 09:40:43,정상,,
tracking-20260928-v2,08-018,08 포항,포항여객선터미널,경상북도 포항시 북구 항구동 58-53 포항연안여객터미널,O,2026-08-18 18:21:59,정상,,
tracking-20260928-v2,08-098,08 포항,뉴그랜드호텔,경상북도 포항시 남구 상도로42번길 16 주차장,X,,계측 불가,모두 사용중,모두 사용중
tracking-20260928-v2,08-019,08 포항,NC 포항점,경상북도 포항시 북구 용당로 85 지상3층 옥상 실외주차장,O,2026-08-19 09:13:52,정상,,
tracking-20260928-v2,08-099,08 포항,하늘채 502호,경상북도 포항시 남구 중앙로91번길 15-1 하늘채,X,,계측 불가,위치 확인 불가,위치 확인 불가
tracking-20260928-v2,08-100,08 포항,창포메트로시티1단지,경상북도 포항시 북구 우창로 164,X,,계측 불가,선 없음,선 없음
tracking-20260928-v2,08-101,08 포항,장성두산위브더제니스아파트,경상북도 포항시 북구 새천년대로 1235,X,,계측 불가,위치 확인 불가,위치 확인 불가
tracking-20260928-v2,08-102,08 포항,더케이프,경상북도 포항시 북구 송라면 봉화길 297,X,,계측 불가,선 없음,선 없음
tracking-20260928-v2,08-020,08 포항,포항시 마치블루풀빌라,경상북도 포항시 북구 송라면 봉화길 202 주차장,O,2026-08-18 09:02:50,정상,,
tracking-20260928-v2,08-021,08 포항,씨파라다이스,경상북도 포항시 북구 청하면 월포로160번길 17,O,2026-08-18 09:30:53,정상,,
tracking-20260928-v2,08-022,08 포항,posco 월포수련원,경상북도 포항시 북구 청하면 해안로 2236 posco 월포수련원,O,2026-08-18 09:42:21,정상,,
tracking-20260928-v2,08-103,08 포항,블루라이트,경상북도 포항시 북구 청하면 해안로2000번길 15-52 블루라이트,X,,계측 불가,출입 불가,출입 불가
tracking-20260928-v2,08-104,08 포항,홀리몰리펜션,경상북도 포항시 북구 흥해읍 해안로1732번길 28,X,,계측 불가,충전 오류,충전 오류
tracking-20260928-v2,08-023,08 포항,포항 설바위스쿠버횟집,경상북도 포항시 북구 흥해읍 해안로 1479,O,2026-08-18 10:29:03,정상,,
tracking-20260928-v2,08-105,08 포항,방송통신대학교 포항시학습관 (완속충전기),경상북도 포항시 북구 흥해읍 동해대로1586번길 5 방송통신대학교 포항시학습관,X,,계측 불가,고장,고장
tracking-20260928-v2,08-106,08 포항,초곡화산샬레,경상북도 포항시 북구 흥해읍 초곡지구로58번길 82 초곡화산샬레,X,,계측 불가,선 없음,선 없음
tracking-20260928-v2,08-024,08 포항,경북 포항 흥해도서관,경상북도 포항시 북구 흥해읍 흥해로81번길 46,O,2026-08-18 11:20:30,정상,,
tracking-20260928-v2,08-107,08 포항,명림 장 여관,경상북도 포항시 북구 흥해읍 흥해로 26-9 주차장,X,,계측 불가,위치 확인 불가,위치 확인 불가
tracking-20260928-v2,08-025,08 포항,초곡삼구트리니엔시티108동,경상북도 포항시 북구 흥해읍 초곡지구로58번길 52 초곡삼구트리니엔시티108동,O,2026-08-18 13:59:09,정상,,
tracking-20260928-v2,08-026,08 포항,지엔하임,경상북도 포항시 북구 흥해읍 초곡지구로 80,O,2026-08-18 14:12:48,정상,,
tracking-20260928-v2,08-027,08 포항,두무치 공영주차장,경상북도 포항시 북구 해안로 228 두무치 공영주차장,O,2026-08-18 17:38:12,정상,,
tracking-20260928-v2,08-108,08 포항,경북포항 해맞이그린빌2단지아파트1,경상북도 포항시 북구 환호로 24,X,,계측 불가,고장,고장
tracking-20260928-v2,08-109,08 포항,(주)라한호텔 포항,경상북도 포항시 북구 삼호로265번길 1 (주)라한호텔 포항,X,,계측 불가,선 없음,선 없음
tracking-20260928-v2,08-110,08 포항,포항아이파크아파트,경상북도 포항시 남구 오천읍 해병로559번길 7,X,,계측 불가,kW 변경,kW 변경
tracking-20260928-v2,08-028,08 포항,HK솔루션,경상북도 포항시 남구 대송면 송덕로 38 지상주차장,O,2026-08-19 13:31:06,정상,,
tracking-20260928-v2,08-111,08 포항,삼원강재,경상북도 포항시 남구 대송면 철강산단로66번길 40 지상주차장,X,,계측 불가,출입 불가,출입 불가
tracking-20260928-v2,08-112,08 포항,포스코모빌리티솔루션 포항STS사업실,경상북도 포항시 남구 대송면 송덕로 56,X,,계측 불가,위치 확인 불가,위치 확인 불가
tracking-20260928-v2,08-113,08 포항,경북 포항시 남구 연일읍 원서길118번길 10 (저압수용가),경상북도 포항시 남구 연일읍 원서길118번길 10 경북 포항시 남구 연일읍 원서길118번길 10 (저압수용가),X,,계측 불가,출입 불가,출입 불가
tracking-20260928-v2,08-029,08 포항,이스케이프풀빌라,경상북도 포항시 남구 구룡포읍 하정리 1-18,O,2026-08-17 13:59:31,정상,,
tracking-20260928-v2,08-030,08 포항,해뜨는마을,경상북도 포항시 남구 구룡포읍 병포길 124-6,O,2026-08-17 13:52:13,정상,,
tracking-20260928-v2,08-031,08 포항,포항과학기술고등학교,경상북도 포항시 남구 구룡포읍 호미로 341 포항과학기술고등학교,O,2026-08-17 13:35:13,정상,,
tracking-20260928-v2,08-114,08 포항,스테이포르,경상북도 포항시 남구 구룡포읍 일출로 14 스테이포르,X,,계측 불가,불법주차,불법주차
tracking-20260928-v2,08-115,08 포항,보성수산,경상북도 포항시 남구 구룡포읍 일출로 82 주차장,X,,계측 불가,고장,고장
tracking-20260928-v2,08-032,08 포항,posco 구룡포수련원,경상북도 포항시 남구 구룡포읍 일출로 172 posco 구룡포수련원,O,2026-08-17 12:22:50,정상,,
tracking-20260928-v2,08-033,08 포항,포항원동사랑으로부영5차(2022),경상북도 포항시 남구 오천읍 중원로 71-30,O,2026-08-19 15:27:39,정상,,
tracking-20260928-v2,08-116,08 포항,포항원동부영사랑으로1,경상북도 포항시 남구 오천읍 남원로 83 1지하 주차장 지하2층 1구역,X,,계측 불가,충전 오류,충전 오류
tracking-20260928-v2,08-034,08 포항,제일신천지,경상북도 포항시 남구 오천읍 해병로 241,O,2026-08-19 14:18:42,정상,,
tracking-20260928-v2,08-035,08 포항,오천고등학교,경상북도 포항시 남구 오천읍 해병로 293,O,2026-08-19 14:10:25,정상,,
tracking-20260928-v2,08-117,08 포항,동해면행정복지센터 (완속충전기),경상북도 포항시 남구 동해면 일월로 66 동해면행정복지센터 (완속충전기),X,,계측 불가,고장,고장
tracking-20260928-v2,08-118,08 포항,(주)한국타이어제철판매,경상북도 포항시 남구 동해안로 5910,X,,계측 불가,출입 불가,출입 불가
tracking-20260928-v2,08-036,08 포항,경북포항 영남대자연 1차(지상1),경상북도 포항시 남구 동해면 일월로 139,O,2026-08-17 15:52:23,정상,,
tracking-20260928-v2,08-037,08 포항,포항 시골밥상,경상북도 포항시 남구 동해면 호미로 3178,O,2026-08-17 15:34:42,정상,,
tracking-20260928-v2,08-038,08 포항,동해면민복지회관,경상북도 포항시 남구 동해면 일월로123번길 17-45 동해면민복지회관,O,2026-08-17 16:02:31,정상,,
tracking-20260928-v2,08-039,08 포항,포항 삼양전원타운아파트,경상북도 포항시 남구 동해면 일월로375번길 45,O,2026-08-17 15:26:37,정상,,
tracking-20260928-v2,08-040,08 포항,승리아파트,경상북도 포항시 남구 지곡로 20,O,2026-08-20 09:12:29,정상,,
tracking-20260928-v2,08-041,08 포항,포항대림한숲타운1차,경상북도 포항시 남구 연일읍 유강길9번길 62 주차장,O,2026-08-20 09:01:01,정상,,
tracking-20260928-v2,08-119,08 포항,상대동행정복지센터,경상북도 포항시 남구 상대로 98,X,,계측 불가,모두 사용중,모두 사용중
tracking-20260928-v2,08-120,08 포항,보성수산(천수과메기),경상북도 포항시 남구 구룡포읍 일출로 84,X,,계측 불가,고장,고장
tracking-20260928-v2,08-121,08 포항,호화주택,경상북도 포항시 북구 새천년대로1259번길 11,X,,계측 불가,불법주차,불법주차
tracking-20260928-v2,08-042,08 포항,경북포항 창포메트로시티2단지아파트 3,경상북도 포항시 북구 우창로 166-1 (창포동) 204동 앞,O,2026-08-20 10:47:09,정상,,
tracking-20260928-v2,08-122,08 포항,포항시 안다미로한정식,경상북도 포항시 북구 법원로98번길 45-4 주차장,X,,계측 불가,위치 확인 불가,위치 확인 불가
tracking-20260928-v2,08-123,08 포항,포항시 남구청,경상북도 포항시 남구 희망대로 790 E2 게이트 앞 주차장,X,,계측 불가,모두 사용중,모두 사용중
tracking-20260928-v2,08-043,08 포항,LH장량천년나무6단지,경상북도 포항시 북구 장량중앙로100번길 1,O,2026-08-18 15:54:51,정상,,
tracking-20260928-v2,08-044,08 포항,금성타워맨션,경상북도 포항시 북구 흥해읍 남미질로 47,O,2026-08-18 12:05:38,정상,,
tracking-20260928-v2,08-045,08 포항,정림다채움아파트 대표회의,경상북도 포항시 남구 오천읍 문덕로24번길 33-5,O,2026-08-19 15:13:44,정상,,
tracking-20260928-v2,08-046,08 포항,포항 남포항태왕아너스,경상북도 포항시 남구 오천읍 정몽주로 335-1 남포항태왕아너스,O,2026-08-19 15:01:52,정상,,
tracking-20260928-v2,08-124,08 포항,흥해읍행정복지센터,경상북도 포항시 북구 흥해읍 동해대로 1511,X,,계측 불가,고장,고장
tracking-20260928-v2,08-047,08 포항,우방하이츠,경상북도 포항시 북구 두호동 학전로 103 지하,O,2026-08-20 11:17:58,정상,,
tracking-20260928-v2,08-048,08 포항,경북포항 제일우성2차아파트 1,"경상북도 포항시 북구 삼흥로62번길 27-8 (두호동, 제일우성2차아파트) 201동 11,12라인 앞 주차장",O,2026-08-18 16:51:54,정상,,
tracking-20260928-v2,08-049,08 포항,포항 만서세화타운1차아파트,경상북도 포항시 북구 흥해읍 중성로62번길 17-47,O,2026-08-18 12:15:01,정상,,
tracking-20260928-v2,08-125,08 포항,경북포함 창포보성아파트,경상북도 포항시 북구 새천년대로1123번길 28,X,,계측 불가,충전 오류,충전 오류
tracking-20260928-v2,08-050,08 포항,창포주공2단지,경상북도 포항시 북구 새천년대로1123번길 9 창포주공2단지,O,2026-08-20 10:29:48,정상,,
tracking-20260928-v2,08-051,08 포항,장성현진에버빌3단지,경상북도 포항시 북구 삼흥로69번길 6,O,2026-08-18 16:34:31,정상,,
tracking-20260928-v2,08-052,08 포항,용흥동 포항의료원,"경상북도 포항시 북구 용흥로 36 (용흥동, 포항의료원) 장례시장앞",O,2026-08-20 14:13:15,정상,,
tracking-20260928-v2,08-053,08 포항,장성현진에버빌1단지,경상북도 포항시 북구 성실로 55,O,2026-08-20 11:01:10,정상,,
tracking-20260928-v2,08-054,08 포항,흥해서희스타힐스더캐슬,경상북도 포항시 북구 흥해읍 남옥로 20,O,2026-08-18 13:37:24,정상,,
tracking-20260928-v2,08-055,08 포항,늘사랑교회,경상북도 포항시 북구 우창동로 97 늘사랑교회 건물주차장 1층,O,2026-08-20 13:03:16,정상,,
tracking-20260928-v2,08-056,08 포항,효자 웰빙타운 SK VIEW 3차,경상북도 포항시 남구 효성로 88,O,2026-08-20 15:46:02,정상,,
tracking-20260928-v2,08-057,08 포항,대잠 아델리아 입주자대표회의,경상북도 포항시 남구 대이로20번길 20,O,2026-08-19 12:02:38,정상,,
tracking-20260928-v2,08-058,08 포항,신동아파밀리에4차,경상북도 포항시 북구 우창로 40 신동아파밀리에4차,O,2026-08-20 11:41:54,정상,,
tracking-20260928-v2,08-059,08 포항,양덕삼구트리니엔3차,경상북도 포항시 남구 대이로 14,O,2026-08-19 11:57:57,정상,,
tracking-20260928-v2,08-060,08 포항,포항 한라파크7차아파트,경상북도 포항시 북구 새마을로 104,O,2026-08-20 13:48:06,정상,,
tracking-20260928-v2,08-061,08 포항,우현우방아이유쉘센트럴,경상북도 포항시 북구 아치로 10,O,2026-08-20 11:55:13,정상,,
tracking-20260928-v2,08-062,08 포항,효자웰빙타운SKVIEW,"경상북도 포항시 남구 효성로63번길 17 (효자동, 효자웰빙타운 에스케이뷰 2차아파트)",O,2026-08-20 15:36:37,정상,,
tracking-20260928-v2,08-063,08 포항,포항시 포항중앙성령교회,경상북도 포항시 북구 용흥로 160 주차장,O,2026-08-20 14:05:15,정상,,
tracking-20260928-v2,08-064,08 포항,포항성모병원 주차장5 버스주차장 앞,경상북도 포항시 남구 대잠동길 17-4 포항성모병원 주차장5 버스주차장 앞,O,2026-08-20 15:20:01,정상,,
tracking-20260928-v2,08-065,08 포항,성봉우미타운,경상북도 포항시 북구 용흥로 322-1 성봉우미타운,O,2026-08-20 13:18:01,정상,,
tracking-20260928-v2,08-066,08 포항,이동우방파크빌,경상북도 포항시 남구 포스코대로 159 이동우방파크빌,O,2026-08-20 14:47:13,정상,,
tracking-20260928-v2,08-067,08 포항,k-water 포항권지사블루밸리정수장,경상북도 포항시 남구 동해면 동해안로5277번길 60,O,2026-08-17 15:12:27,정상,,
tracking-20260928-v2,08-068,08 포항,고용노동부 포항지청,경상북도 포항시 남구 새천년대로 430,O,2026-08-19 12:12:01,정상,,
tracking-20260928-v2,08-069,08 포항,경북포항 선우비취타운,경상북도 포항시 북구 삼흥로 77-44 101동 뒤 지상주차장,O,2026-08-18 16:25:01,정상,,
tracking-20260928-v2,08-070,08 포항,포항 블루밸리행복주택,경상북도 포항시 남구 동해면 블루동로2길 25,O,2026-08-17 14:43:58,정상,,
tracking-20260928-v2,08-126,08 포항,우리민박,경상북도 포항시 남구 호미곶면 해맞이로208번길 10 우리민박,X,,계측 불가,선 없음,선 없음
tracking-20260928-v2,08-071,08 포항,구평3리 마을회관,경상북도 포항시 남구 구룡포읍 구평리 1072 구평3리마을회관 지상주차장,O,2026-08-17 14:26:52,정상,,
tracking-20260928-v2,08-072,08 포항,포항 흥해 금아드림팰리스,경상북도 포항시 북구 흥해읍 동해대로1475번길 36,O,2026-08-18 13:25:09,정상,,
tracking-20260928-v2,08-073,08 포항,포항경주공항,경상북도 포항시 남구 동해면 일월로 18 포항경주공항,O,2026-08-17 16:49:24,정상,,
tracking-20260928-v2,08-074,08 포항,삼도3차한솔타운,경상북도 포항시 남구 연일읍 철강로 71,O,2026-08-19 17:16:50,정상,,
tracking-20260928-v2,08-075,08 포항,대원맨션아파트,"경상북도 포항시 북구 삼호로217번길 19 (두호동, 대원맨션)",O,2026-08-20 11:27:16,정상,,
tracking-20260928-v2,08-076,08 포항,경성홈타운2차,경상북도 포항시 북구 이동로 48-10 경성홈타운2차,O,2026-08-20 14:33:11,정상,,
tracking-20260928-v2,08-077,08 포항,포항시 대흥온천맨션,경상북도 포항시 북구 흥해읍 신흥로861번길 12,O,2026-08-18 11:34:17,정상,,
tracking-20260928-v2,08-127,08 포항,2차전지 자원순환 클러스터(포항),경상북도 포항시 남구 동해면 블루밸리로 501,X,,계측 불가,위치 확인 불가,위치 확인 불가
tracking-20260928-v2,08-078,08 포항,양덕삼구트리니엔1차,경상북도 포항시 북구 천마로72번길 33,O,2026-08-18 15:31:04,정상,,
tracking-20260928-v2,08-079,08 포항,포항시 KBS포항방송국,경상북도 포항시 남구 중섬로 72 건물 오른쪽 방향 지상주차장,O,2026-08-19 11:26:30,정상,,
tracking-20260928-v2,08-080,08 포항,대우네오빌2차아파트,경상북도 포항시 남구 연일읍 연일로145번길 31,O,2026-08-19 17:46:42,정상,,
tracking-20260928-v2,09-081,09 여수_광양,광양시 애경특수도료광양,전라남도 광양시 태인5길 51-16,X,,계측 불가,출입 불가,출입 불가
tracking-20260928-v2,09-082,09 여수_광양,포스코 예비군 훈련장,전라남도 광양시 제철로 1655-95,X,,계측 불가,출입 불가,출입 불가
tracking-20260928-v2,09-001,09 여수_광양,광양시 광양제철소소본부,"전라남도 광양시 폭포사랑길 20-26 소본부주차장(완속), 소본부뒤편 인재개발원(급속)",O,2026-08-26 11:19:31,정상,,
tracking-20260928-v2,09-083,09 여수_광양,전남대여수캠퍼스(주삼동),전라남도 여수시 삼동3길 19,X,,계측 불가,모두 사용중,모두 사용중
tracking-20260928-v2,09-002,09 여수_광양,골든타워관리단,전라남도 광양시 항만13로 23-7,O,2026-08-26 09:43:27,정상,,
tracking-20260928-v2,09-084,09 여수_광양,광양시 백운플라자,전라남도 광양시 동백길 5,X,,계측 불가,충전 오류,충전 오류
tracking-20260928-v2,09-003,09 여수_광양,광양시 빅팜식자재마트,전라남도 광양시 눈소2길 21-1,O,2026-08-26 14:55:39,정상,,
tracking-20260928-v2,09-085,09 여수_광양,중동 상가밀집지역,전라남도 광양시 중동 1767-2 (중동),X,,계측 불가,충전 오류,충전 오류
tracking-20260928-v2,09-086,09 여수_광양,전남광양 우리들요양원,전라남도 광양시 눈소1길 13-5 우리들 요양원 정문 앞 주차장,X,,계측 불가,모두 사용중,모두 사용중
tracking-20260928-v2,09-004,09 여수_광양,광양항 해양공원,전라남도 광양시 항만9로 60,O,2026-08-26 09:45:58,정상,,
tracking-20260928-v2,09-005,09 여수_광양,건강보험공단 광양지사,전라남도 광양시 시청로 20 건강보험공단 광양지사,O,2026-08-26 15:45:37,정상,,
tracking-20260928-v2,09-006,09 여수_광양,소라종합사회복지관,전라남도 여수시 소라면 덕양로 414,O,2026-08-25 15:00:36,정상,,
tracking-20260928-v2,09-087,09 여수_광양,중촌공원주차장,전라남도 광양시 중동 1660 (중동),X,,계측 불가,모두 사용중,모두 사용중
tracking-20260928-v2,09-007,09 여수_광양,중마상설시장,"전라남도 광양시 행정1길 20 (중동, 중마상설시장)",O,2026-08-26 15:54:08,정상,,
tracking-20260928-v2,09-008,09 여수_광양,여수 원예농협,전라남도 여수시 무선로 219 여수 원예농협,O,2026-08-25 13:43:27,정상,,
tracking-20260928-v2,09-088,09 여수_광양,동광양장례식장,전라남도 광양시 불로로 30-1,X,,계측 불가,고장,고장
tracking-20260928-v2,09-009,09 여수_광양,중마노르웨이숲 101동,전라남도 광양시 자작길 23 101동,O,2026-08-26 16:07:56,정상,,
tracking-20260928-v2,09-010,09 여수_광양,광양시 광영119안전센터,전라남도 광양시 금영로 87 주차장,O,2026-08-26 12:10:48,정상,,
tracking-20260928-v2,09-089,09 여수_광양,광양시_광영동주민센터,전라남도 광양시 정수2길 47,X,,계측 불가,고장,고장
tracking-20260928-v2,09-090,09 여수_광양,여수 신라이스테이,전라남도 여수시 학동2길 30,X,,계측 불가,충전 오류,충전 오류
tracking-20260928-v2,09-011,09 여수_광양,광양시 가야아파트,전라남도 광양시 가야로 380 5동앞 상가건물벽면,O,2026-08-26 13:31:38,정상,,
tracking-20260928-v2,09-091,09 여수_광양,익신일반산단내1,전라남도 광양시 광양읍 익신리 744 (익신리),X,,계측 불가,고장,고장
tracking-20260928-v2,09-092,09 여수_광양,여수광양항만공사,전라남도 광양시 항만대로 465 여수광양항만공사,X,,계측 불가,모두 사용중,모두 사용중
tracking-20260928-v2,09-093,09 여수_광양,용강5공원 앞,전라남도 광양시 광양읍 용강리 914-5 (용강리),X,,계측 불가,고장,고장
tracking-20260928-v2,09-094,09 여수_광양,웅천포레스트부영1단지(2022),전남광주통합특별시 여수시 웅천로 292 ,X,,계측 불가,kW 변경,kW 변경
tracking-20260928-v2,09-012,09 여수_광양,휘파람펜션,전라남도 여수시 돌산읍 평사로 457 지상 1층주차장,O,2026-08-24 11:53:19,정상,,
tracking-20260928-v2,09-095,09 여수_광양,케이브풀빌라,전라남도 여수시 돌산읍 평사로 505-1 평사리,X,,계측 불가,충전 오류,충전 오류
tracking-20260928-v2,09-013,09 여수_광양,들꽃마을펜션,전라남도 여수시 돌산읍 월암길 130 지상주차장,O,2026-08-24 12:15:02,정상,,
tracking-20260928-v2,09-014,09 여수_광양,전라남도 해양수산과학관(여수),전라남도 여수시 돌산읍 돌산로 2876,O,2026-08-24 12:37:18,정상,,
tracking-20260928-v2,09-015,09 여수_광양,여수시 달콤팬션,전라남도 여수시 돌산읍 계동로 515 주차장,O,2026-08-24 12:27:42,정상,,
tracking-20260928-v2,09-096,09 여수_광양,밀로스풀빌라,전라남도 여수시 돌산읍 계동로 416 밀로스풀빌라,X,,계측 불가,충전 오류,충전 오류
tracking-20260928-v2,09-097,09 여수_광양,여수 그랑블루호스텔,전라남도 여수시 돌산읍 무술목길 38,X,,계측 불가,위치 확인 불가,위치 확인 불가
tracking-20260928-v2,09-016,09 여수_광양,여수 예술랜드,전라남도 여수시 돌산읍 무술목길 142-1,O,2026-08-24 12:58:50,정상,,
tracking-20260928-v2,09-017,09 여수_광양,하이클래스 클리프,전라남도 여수시 돌산읍 무술목길 114,O,2026-08-24 12:53:35,정상,,
tracking-20260928-v2,09-018,09 여수_광양,여수시 바다와별밤펜션,전라남도 여수시 돌산읍 안굴전길 58-15 주차장,O,2026-08-24 13:07:38,정상,,
tracking-20260928-v2,09-019,09 여수_광양,BMW차징스테이션 웨스트힐스풀빌라 by코오롱모터스,전라남도 여수시 돌산읍 몰둠벙길 22-9,O,2026-08-24 14:15:04,정상,,
tracking-20260928-v2,09-020,09 여수_광양,비고리조트(휴맥),전라남도 여수시 돌산읍 돌산로 3155-1 비고리조트(휴맥),O,2026-08-24 14:23:43,정상,,
tracking-20260928-v2,09-098,09 여수_광양,여수시 여천초등학교,전라남도 여수시 주동1길 30 여천초등학교,X,,계측 불가,출입 불가,출입 불가
tracking-20260928-v2,09-021,09 여수_광양,여수시 계원마을회관,전라남도 여수시 봉계3길 32 주차장,O,2026-08-25 14:15:31,정상,,
tracking-20260928-v2,09-099,09 여수_광양,기아오토큐 여천점,전라남도 여수시 반월길 13-3,X,,계측 불가,충전 오류,충전 오류
tracking-20260928-v2,09-022,09 여수_광양,선원대주아파트,전라남도 여수시 무선1길 20,O,2026-08-25 13:10:10,정상,,
tracking-20260928-v2,09-100,09 여수_광양,여수죽림사랑으로부영2차(2022),전남광주통합특별시 여수시 소라면 덕양로 114 ,X,,계측 불가,kW 변경,kW 변경
tracking-20260928-v2,09-101,09 여수_광양,둔덕동 골드 더 테라스 하우스,전남광주통합특별시 여수시 상암로 25 둔덕동 골드 더 테라스 하우스,X,,계측 불가,kW 변경,kW 변경
tracking-20260928-v2,09-102,09 여수_광양,여수선소테마정원,전라남도 여수시 선소마을길 9 1층 지상 주차장,X,,계측 불가,고장,고장
tracking-20260928-v2,09-103,09 여수_광양,광양와우LH1단지,전라남도 광양시 눈소10길 49 광양와우LH1단지,X,,계측 불가,선 없음,선 없음
tracking-20260928-v2,09-104,09 여수_광양,광양시 금호주택단지장미연립B,전라남도 광양시 폭포사랑길 114-11,X,,계측 불가,충전 오류,충전 오류
tracking-20260928-v2,09-023,09 여수_광양,광양시 금호주택단지목련연립B,전라남도 광양시 폭포사랑길 91,O,2026-08-26 10:51:58,정상,,
tracking-20260928-v2,09-105,09 여수_광양,태광스크린골프,전라남도 광양시 김시식지1길 10 구내주차장,X,,계측 불가,고장,고장
tracking-20260928-v2,09-106,09 여수_광양,㈜광양테크,전라남도 광양시 산업로 11 건물 전면 주차장,X,,계측 불가,고장,고장
tracking-20260928-v2,09-107,09 여수_광양,전남광양 피엔오케미칼,전라남도 광양시 옥곡면 신금산단5길 113-6,X,,계측 불가,출입 불가,출입 불가
tracking-20260928-v2,09-108,09 여수_광양,광양시 골약동주민센터,전라남도 광양시 성황6길 15 골약동 주민센터,X,,계측 불가,고장,고장
tracking-20260928-v2,09-024,09 여수_광양,전남 광양 골약중학교,전라남도 광양시 도이2길 6,O,2026-08-26 17:17:42,정상,,
tracking-20260928-v2,09-109,09 여수_광양,광양시 커뮤니티센터,전라남도 광양시 중마로 410,X,,계측 불가,고장,고장
tracking-20260928-v2,09-025,09 여수_광양,광양중마1차 아파트,전라남도 광양시 동광길 30 동광아파트(광양중마1차),O,2026-08-26 14:33:18,정상,,
tracking-20260928-v2,09-110,09 여수_광양,재단법인전남테크노파크(철강산업센터),전라남도 광양시 광양읍 익신산단3길 4,X,,계측 불가,출입 불가,출입 불가
tracking-20260928-v2,09-026,09 여수_광양,창덕에버빌1차아파트,전라남도 광양시 광양읍 용강1길 11 (창덕에버빌(제1단지)),O,2026-08-25 17:33:56,정상,,
tracking-20260928-v2,09-027,09 여수_광양,광양여성문화센터,"전라남도 광양시 광양읍 제철로 69 (용강리, 광양시여성문화센터)",O,2026-08-25 18:12:36,정상,,
tracking-20260928-v2,09-028,09 여수_광양,광양칠성아파트3단지,전라남도 광양시 광양읍 호북길 25,O,2026-08-25 16:42:21,정상,,
tracking-20260928-v2,09-111,09 여수_광양,전남광양 중앙도서관,전라남도 광양시 광양읍 향교길 9-30 전남광양 중앙도서관 외부주차장,X,,계측 불가,고장,고장
tracking-20260928-v2,09-029,09 여수_광양,칠성리공영주차장,"전라남도 광양시 광양읍 칠성리 924-1 (칠성리, 공영주차장)",O,2026-08-25 16:25:03,정상,,
tracking-20260928-v2,09-030,09 여수_광양,전남광양 광양인서부영아파트,전라남도 광양시 광양읍 인서4길 20 (부영아파트) 104동 서측 폐기물 처리장 옆,O,2026-08-25 16:16:06,정상,,
tracking-20260928-v2,09-112,09 여수_광양,쌍봉도서관,"전라남도 여수시 학동서4길 18-12 (학동, 여수 시립 쌍봉도서관)",X,,계측 불가,고장,고장
tracking-20260928-v2,09-113,09 여수_광양,여수LG화학 안산사택1,전라남도 여수시 소호로 619 웰빙센터 주차장,X,,계측 불가,충전 오류,충전 오류
tracking-20260928-v2,09-031,09 여수_광양,한국바스프사택아파트,"전라남도 여수시 소호4길 33 (소호동, 한국바스프사택)",O,2026-08-25 10:00:17,정상,,
tracking-20260928-v2,09-032,09 여수_광양,주은금호아파트2단지(여수),전라남도 여수시 소호6길 36,O,2026-08-25 09:51:30,정상,,
tracking-20260928-v2,09-114,09 여수_광양,웅천롯데캐슬마리나오피스텔,전라남도 여수시 웅천남7로 24,X,,계측 불가,위치 확인 불가,위치 확인 불가
tracking-20260928-v2,09-033,09 여수_광양,웅천자이더스위트,전라남도 여수시 웅천남1로 8 (웅천동),O,2026-08-24 18:02:03,정상,,
tracking-20260928-v2,09-034,09 여수_광양,한국전기안전공사 여수지사,전라남도 여수시 한재로 2 한국전기안전공사 여수지사,O,2026-08-24 17:01:02,정상,,
tracking-20260928-v2,09-035,09 여수_광양,여수농협종합청사,전라남도 여수시 여문2로 40,O,2026-08-24 17:13:48,정상,,
tracking-20260928-v2,09-036,09 여수_광양,전남여수 여수한국병원,전라남도 여수시 여천체육공원길 10,O,2026-08-25 10:53:13,정상,,
tracking-20260928-v2,09-037,09 여수_광양,여수웅천2차 부영아파트,전라남도 여수시 웅천로 261,O,2026-08-24 17:25:25,정상,,
tracking-20260928-v2,09-038,09 여수_광양,전남광양 금광블루빌아파트1,전라남도 광양시 진등6길 11 104동 앞 지상주차장,O,2026-08-26 16:21:12,정상,,
tracking-20260928-v2,09-039,09 여수_광양,전남 광양시 금호주택단지사랑아파트B,전라남도 광양시 금호로 73,O,2026-08-26 10:16:02,정상,,
tracking-20260928-v2,09-040,09 여수_광양,여수중앙아파트,전라남도 여수시 구봉산길 52,O,2026-08-24 16:46:56,정상,,
tracking-20260928-v2,09-041,09 여수_광양,광양시 덕진광양의봄플러스아파트,전라남도 광양시 광양읍 덕산4길 86,O,2026-08-25 15:50:17,정상,,
tracking-20260928-v2,09-042,09 여수_광양,청솔3차아파트 301동 1,전라남도 여수시 돌산읍 강남동로 46-7 돌산청솔3단지아파트,O,2026-08-24 15:21:56,정상,,
tracking-20260928-v2,09-043,09 여수_광양,여수시 솔스테이 펜션,전라남도 여수시 돌산읍 우두3길 102,O,2026-08-24 15:46:07,정상,,
tracking-20260928-v2,09-044,09 여수_광양,신월동금호타운,전라남도 여수시 신월로 561-8,O,2026-08-24 16:35:22,정상,,
tracking-20260928-v2,09-045,09 여수_광양,여수시 디마레풀빌라루나펜션,전라남도 여수시 돌산읍 평사로 147 주차장,O,2026-08-24 11:41:40,정상,,
tracking-20260928-v2,09-115,09 여수_광양,여수시 대한스크류,전라남도 여수시 율촌면 구암1길 1-55 지상주차장 입구 왼쪽,X,,계측 불가,출입 불가,출입 불가
tracking-20260928-v2,09-046,09 여수_광양,몰오브광양,전라남도 광양시 금호로 26,O,2026-08-27 12:07:28,정상,,
tracking-20260928-v2,09-047,09 여수_광양,주삼동파인빌리지,"전라남도 여수시 주삼덕양로 189(주삼동, 파인빌리지)",O,2026-08-25 14:47:11,정상,,
tracking-20260928-v2,09-048,09 여수_광양,대광로제비앙1차아파트,전라남도 광양시 진등길 40,O,2026-08-26 18:13:31,정상,,
tracking-20260928-v2,09-116,09 여수_광양,쌍봉동주민센터,전라남도 여수시 흥국로 25,X,,계측 불가,모두 사용중,모두 사용중
tracking-20260928-v2,09-049,09 여수_광양,주식회사 하나대체광양기업구조조정부동산투자회사/스마트시티아파트2차(SP),전라남도 광양시 눈소1길 7-5,O,2026-08-26 14:45:52,정상,,
tracking-20260928-v2,09-117,09 여수_광양,여수 쌍봉신협,전라남도 여수시 흥국로 29 (학동),X,,계측 불가,출입 불가,출입 불가
tracking-20260928-v2,09-050,09 여수_광양,전남광양 광양동문디이스트 2,전라남도 광양시 눈소10길 58 B2 105동,O,2026-08-27 13:53:12,정상,,
tracking-20260928-v2,09-118,09 여수_광양,포스코모빌리티 후판사업실 광양 1공장,전라남도 광양시 산업로 326,X,,계측 불가,위치 확인 불가,위치 확인 불가
tracking-20260928-v2,09-051,09 여수_광양,전남광양 남해오네뜨아파트 1,전라남도 광양시 광양읍 와룡길 43,O,2026-08-25 18:02:21,정상,,
tracking-20260928-v2,09-052,09 여수_광양,광영목우아파트,전라남도 광양시 금영로 158,O,2026-08-26 13:20:21,정상,,
tracking-20260928-v2,09-119,09 여수_광양,전남여수 여수종합금융센터,전라남도 여수시 시청로 24,X,,계측 불가,충전 오류,충전 오류
tracking-20260928-v2,09-120,09 여수_광양,익신일반산단내2,전라남도 광양시 광양읍 익신리 750 (익신리),X,,계측 불가,고장,고장
tracking-20260928-v2,09-053,09 여수_광양,광양 성호1차아파트,전라남도 광양시 광장로 112-20,O,2026-08-26 15:27:03,정상,,
tracking-20260928-v2,09-054,09 여수_광양,전남광양 희망도서관,전라남도 광양시 광양읍 인덕로 1022 외부주차장,O,2026-08-25 17:18:05,정상,,
tracking-20260928-v2,09-055,09 여수_광양,여수시 여천부영1차,전라남도 여수시 소호로 658 P2. 17 기둥,O,2026-08-25 12:05:55,정상,,
tracking-20260928-v2,09-056,09 여수_광양,전남광양 광양시 본청,전라남도 광양시 시청로 33 외부주차장,O,2026-08-27 14:28:59,정상,,
tracking-20260928-v2,09-057,09 여수_광양,전남광양 수하임2차아파트 2,전라남도 광양시 행정2길 27 3층 A06~07기둥 사이 주차장,O,2026-08-27 14:40:54,정상,,
tracking-20260928-v2,09-058,09 여수_광양,광양시 태완노블리안아파트,전라남도 광양시 마장1길 4 101동 지하주차장 B1 왼쪽 22번기둥,O,2026-08-26 14:20:38,정상,,
tracking-20260928-v2,09-059,09 여수_광양,광양시 백운쇼핑센터,전라남도 광양시 폭포사랑길 99 주차장,O,2026-08-26 11:11:18,정상,,
tracking-20260928-v2,09-121,09 여수_광양,광양읍 목성 주공아파트,전라남도 광양시 광양읍 목성리 976-4,X,,계측 불가,고장,고장
tracking-20260928-v2,09-060,09 여수_광양,전남광양 브라운스톤가야3,"전라남도 광양시 가야로 345(광영동, 브라운스톤 가야) 지상1층 101동 5,6라인 입구 맞은편",O,2026-08-27 11:33:41,정상,,
tracking-20260928-v2,09-061,09 여수_광양,여수 경산장례식장,전라남도 여수시 시청로 145 경산장례식장,O,2026-08-25 14:05:09,정상,,
tracking-20260928-v2,09-062,09 여수_광양,광양주공이차아파트,"전라남도 광양시 구마9길 11 (중동, 중마2주공아파트)",O,2026-08-26 16:49:36,정상,,
tracking-20260928-v2,09-063,09 여수_광양,전남광양 중동써니밸리아파트2,전라남도 광양시 사동로 139 101동 동편,O,2026-08-26 17:48:37,정상,,
tracking-20260928-v2,09-064,09 여수_광양,덕진광양의봄프리미엄2차,전라남도 광양시 옥곡면 광영의암2로 2,O,2026-08-27 10:21:06,정상,,
tracking-20260928-v2,09-065,09 여수_광양,광양시 금호주택단지목련빌라,전라남도 광양시 금호로 244,O,2026-08-26 10:59:32,정상,,
tracking-20260928-v2,09-122,09 여수_광양,안산공원,"전라남도 여수시 학동 217-5 (학동, 주차장)",X,,계측 불가,모두 사용중,모두 사용중
tracking-20260928-v2,09-066,09 여수_광양,광양시 금호주택단지초원아파트,전라남도 광양시 금호로 130,O,2026-08-27 11:59:41,정상,,
tracking-20260928-v2,09-123,09 여수_광양,(주)셀시스템,전라남도 광양시 옥곡면 신금산단3길 10-42 구내주차장/옥외,X,,계측 불가,출입 불가,출입 불가
tracking-20260928-v2,09-067,09 여수_광양,센트럴파크,전라남도 여수시 시청동1길 29,O,2026-08-25 11:52:37,정상,,
tracking-20260928-v2,09-124,09 여수_광양,고맙소빌,전라남도 여수시 봉계1길 17 건물 우측 한전주 아래 화단,X,,계측 불가,위치 이동,위치 이동
tracking-20260928-v2,09-068,09 여수_광양,이편한세상여수더퍼스트,전라남도 여수시 학동북4길 7,O,2026-08-25 13:00:52,정상,,
tracking-20260928-v2,09-069,09 여수_광양,광양 중마우림필유,전라남도 광양시 눈소4길 65,O,2026-08-27 14:04:46,정상,,
tracking-20260928-v2,09-070,09 여수_광양,여수 신기부영3단지,전라남도 여수시 선소로 72-13 신기부영3단지,O,2026-08-25 11:24:54,정상,,
tracking-20260928-v2,09-071,09 여수_광양,광양시 금호주택단지송죽아파트,전라남도 광양시 금호로 135,O,2026-08-27 11:51:44,정상,,
tracking-20260928-v2,09-125,09 여수_광양,광양시 포스코DX광양사업소,전라남도 광양시 태인4길 20,X,,계측 불가,충전 오류,충전 오류
tracking-20260928-v2,09-072,09 여수_광양,광양KBH효성아파트,전라남도 광양시 광양읍 예구6길 10,O,2026-08-25 16:02:52,정상,,
tracking-20260928-v2,09-073,09 여수_광양,청솔1차아파트 1,전라남도 여수시 돌산읍 강남8길 20 청솔1차아파트,O,2026-08-24 15:29:44,정상,,
tracking-20260928-v2,09-074,09 여수_광양,코지호텔,전라남도 여수시 돌산읍 돌산로 3532 지상주차장,O,2026-08-24 16:11:15,정상,,
tracking-20260928-v2,09-126,09 여수_광양,광영동현대1차아파트,전라남도 광양시 금영로 170,X,,계측 불가,고장,고장
tracking-20260928-v2,09-127,09 여수_광양,광양광영 2차부영아파트,전라남도 광양시 금영로 16,X,,계측 불가,회원카드 결제 불가,회원카드 결제 불가
tracking-20260928-v2,09-075,09 여수_광양,광양시 광영동공영주차장,전라남도 광양시 안산길 48,O,2026-08-27 11:26:27,정상,,
tracking-20260928-v2,09-076,09 여수_광양,광양시 백운메디컬센터,전라남도 광양시 백운로 1638-11 옥외주차장,O,2026-08-27 12:49:07,정상,,
tracking-20260928-v2,09-077,09 여수_광양,전남광양 상아아파트,전라남도 광양시 금영로 182 나동뒤 지상주차장,O,2026-08-27 11:13:39,정상,,
tracking-20260928-v2,09-078,09 여수_광양,의료법인현경의료재단,전라남도 광양시 진등길 93,O,2026-08-26 18:04:58,정상,,
tracking-20260928-v2,09-128,09 여수_광양,금광셀프세차장,전라남도 광양시 옥곡면 신금산단5길 70-22 주차장,X,,계측 불가,위치 확인 불가,위치 확인 불가
tracking-20260928-v2,09-079,09 여수_광양,전남광양 내트럭하우스 옥곡사업소,전라남도 광양시 옥곡면 신금산단5길 61 입차 좌측 옥외주차장,O,2026-08-26 13:49:31,정상,,
tracking-20260928-v2,09-129,09 여수_광양,전남 중동 태영아파트,전라남도 광양시 광장로 112-11,X,,계측 불가,고장,고장
tracking-20260928-v2,09-080,09 여수_광양,중마시영아파트,전라남도 광양시 중마용소1길 5,O,2026-08-26 17:35:03,정상,,
tracking-20260928-v2,09-130,09 여수_광양,여천5차부영아파트,전라남도 여수시 도원로 204,X,,계측 불가,모두 사용중,모두 사용중
tracking-20260928-v2,10-001,10 창원,경남창원 SK테크노파크 21,경상남도 창원시 성산구 완암로 50 테크4층주차장,O,2026-09-02 13:59:43,정상,,
tracking-20260928-v2,10-002,10 창원,성산구청,경상남도 창원시 성산구 창원대로 1086 (성주동),O,2026-09-02 10:05:14,정상,,
tracking-20260928-v2,10-081,10 창원,경남 창원시 한국산업단지공단경남지역본부,경상남도 창원시 성산구 창원대로 754,X,,계측 불가,모두 사용중,모두 사용중
tracking-20260928-v2,10-082,10 창원,창원시 영신정비,경상남도 창원시 성산구 정동로162번길 22 주차장,X,,계측 불가,불법주차|출입 불가,불법주차|출입 불가
tracking-20260928-v2,10-083,10 창원,팔용자재창고 내 공영주차장,경상남도 창원시 의창구 무역로459번길 41 (팔용동),X,,계측 불가,회원카드 결제 불가,회원카드 결제 불가
tracking-20260928-v2,10-084,10 창원,주식회사 세아창원특수강(T),경상남도 창원시 성산구 적현로 147,X,,계측 불가,위치 확인 불가,위치 확인 불가
tracking-20260928-v2,10-003,10 창원,블루밍 라포레,"경상남도 창원시 성산구 창원대로 888 (가음정동, 블루밍라포레)",O,2026-09-02 10:29:35,정상,,
tracking-20260928-v2,10-004,10 창원,창원시 창원기계공구상가,경상남도 창원시 의창구 창원대로 400,O,2026-09-02 15:25:59,정상,,
tracking-20260928-v2,10-005,10 창원,창원시 남산녹지공원,경상남도 창원시 성산구 창원대로 1035,O,2026-09-03 10:48:20,정상,,
tracking-20260928-v2,10-006,10 창원,덕산베스트텔,경상남도 창원시 성산구 상남로 37 덕산베스트텔,O,2026-09-02 11:35:27,정상,,
tracking-20260928-v2,10-007,10 창원,창원시 한국폴리텍대학창원캠퍼스,경상남도 창원시 성산구 외동반림로 51-88,O,2026-09-02 14:24:05,정상,,
tracking-20260928-v2,10-008,10 창원,상남동주민센터,경상남도 창원시 성산구 동산로 73,O,2026-09-02 10:40:03,정상,,
tracking-20260928-v2,10-009,10 창원,창원 레알주차빌딩,경상남도 창원시 성산구 마디미로56번길 7 주차빌딩 옥상주차장,O,2026-09-02 11:19:05,정상,,
tracking-20260928-v2,10-010,10 창원,창원시 성산스포츠센터,경상남도 창원시 성산구 창이대로 888,O,2026-09-02 09:25:34,정상,,
tracking-20260928-v2,10-011,10 창원,루카스(SP),경상남도 창원시 마산합포구 수산1길 249,O,2026-09-03 18:11:03,정상,,
tracking-20260928-v2,10-085,10 창원,창원시 케이티명서빌딩,경상남도 창원시 의창구 원이대로240번길 31,X,,계측 불가,모두 사용중,모두 사용중
tracking-20260928-v2,10-012,10 창원,창원리제스타워,경상남도 창원시 성산구 중앙대로 85,O,2026-09-02 13:09:30,정상,,
tracking-20260928-v2,10-013,10 창원,창원시 유토피아골프아카데미,경상남도 창원시 성산구 창원천로 84,O,2026-09-01 16:37:53,정상,,
tracking-20260928-v2,10-086,10 창원,창원 벧엘교회,경상남도 창원시 성산구 삼정자로71번길 54 / 옥외주차장 차량출입구 앞,X,,계측 불가,고장,고장
tracking-20260928-v2,10-087,10 창원,대방그린빌아파트,경상남도 창원시 성산구 대암로 256 대방그린빌아파트,X,,계측 불가,선 없음,선 없음
tracking-20260928-v2,10-014,10 창원,봉암공단 공영주차장 C,경상남도 창원시 마산회원구 봉암동 659 봉암공단 공영주차장C,O,2026-09-01 10:51:14,정상,,
tracking-20260928-v2,10-015,10 창원,마산어시장,경상남도 창원시 마산합포구 동성동 314 마산어시장 주차장,O,2026-08-31 17:20:42,정상,,
tracking-20260928-v2,10-016,10 창원,사파동복합공영주차타워,"경상남도 창원시 성산구 사파동 64-2 (사파동, 공영주차장)",O,2026-09-02 10:57:56,정상,,
tracking-20260928-v2,10-088,10 창원,진해중앙시장 공영주차장,"경상남도 창원시 진해구 벚꽃로60번길 12 (송학동, 진해중앙시장)",X,,계측 불가,충전 오류,충전 오류
tracking-20260928-v2,10-089,10 창원,목간사우나,경상남도 창원시 의창구 대산면 주남로 549-1 목간사우나,X,,계측 불가,모두 사용중,모두 사용중
tracking-20260928-v2,10-090,10 창원,블루힐스아파트,경상남도 창원시 마산회원구 내서읍 광려로 55 블루힐스아파트,X,,계측 불가,선 없음,선 없음
tracking-20260928-v2,10-017,10 창원,진해여고,경상남도 창원시 진해구 여좌남로 23 진해여고,O,2026-09-02 16:28:23,정상,,
tracking-20260928-v2,10-018,10 창원,성신아트빌라,경상남도 창원시 진해구 태평로34번길 11 성신아트빌라,O,2026-09-02 17:00:27,정상,,
tracking-20260928-v2,10-091,10 창원,경화동두산위브아파트,경상남도 창원시 진해구 조천로 30,X,,계측 불가,선 없음,선 없음
tracking-20260928-v2,10-019,10 창원,탑마트 경화점,경상남도 창원시 진해구 충장로 281-9,O,2026-09-03 08:08:39,정상,,
tracking-20260928-v2,10-092,10 창원,창원성주한림푸르지오아파트,경상남도 창원시 성산구 외리로34번길 13,X,,계측 불가,선 없음,선 없음
tracking-20260928-v2,10-093,10 창원,유니온빌리지,경상남도 창원시 성산구 삼정자로 79,X,,계측 불가,kW 변경,kW 변경
tracking-20260928-v2,10-020,10 창원,성주동144-2공영주차장,경상남도 창원시 성산구 창원대로1137번길 7,O,2026-09-02 08:30:37,정상,,
tracking-20260928-v2,10-021,10 창원,창원시 효성해링턴코트,"경상남도 창원시 성산구 삼정자로 78 103,111,125동 B2",O,2026-09-02 08:14:49,정상,,
tracking-20260928-v2,10-094,10 창원,창원시청,경상남도 창원시 성산구 중앙대로 151 창원시청,X,,계측 불가,불법주차,불법주차
tracking-20260928-v2,10-095,10 창원,현대썬앤빌더스퀘어오피스텔,경상남도 창원시 의창구 용동로 45,X,,계측 불가,선 없음,선 없음
tracking-20260928-v2,10-022,10 창원,경상남도교원단체총연합회,경상남도 창원시 성산구 중앙대로227번길 16 야외주차장 1층,O,2026-09-02 13:32:10,정상,,
tracking-20260928-v2,10-023,10 창원,창원시 반송공원창원천변,경상남도 창원시 성산구 창원천로 334,O,2026-09-02 14:45:26,정상,,
tracking-20260928-v2,10-096,10 창원,유목초등학교,경상남도 창원시 성산구 반송로29번길 15,X,,계측 불가,회원카드 결제 불가,회원카드 결제 불가
tracking-20260928-v2,10-097,10 창원,신용보증기금 (창원),경상남도 창원시 성산구 용지로 24 신용보증기금 (창원),X,,계측 불가,위치 확인 불가,위치 확인 불가
tracking-20260928-v2,10-098,10 창원,진해경화시장,경상남도 창원시 진해구 이동 525-8 경화시장공용주차장(디지털프라자 맞음편),X,,계측 불가,고장,고장
tracking-20260928-v2,10-099,10 창원,창원가포LH1단지아파트,경상남도 창원시 마산합포구 가포본동5길 37 창원가포LH1단지아파트,X,,계측 불가,선 없음,선 없음
tracking-20260928-v2,10-100,10 창원,경남창원 가포유보라아이비파크 1,경상남도 창원시 마산합포구 가포본동1길 18,X,,계측 불가,출입 불가,출입 불가
tracking-20260928-v2,10-101,10 창원,가포동행정복지센터(SP),경상남도 창원시 마산합포구 가포해안길 33,X,,계측 불가,충전 오류,충전 오류
tracking-20260928-v2,10-102,10 창원,마산골프랜드,경상남도 창원시 마산합포구 가포로 290,X,,계측 불가,회원카드 결제 불가,회원카드 결제 불가
tracking-20260928-v2,10-024,10 창원,BMW차징스테이션 국립마산병원 by동성모터스,경상남도 창원시 마산합포구 가포로 215,O,2026-08-31 15:04:17,정상,,
tracking-20260928-v2,10-025,10 창원,유로스퀘어(창원),"경상남도 창원시 마산합포구 해안대로 51 지하 1,2층 주차장",O,2026-08-31 16:03:54,정상,,
tracking-20260928-v2,10-026,10 창원,한국민주주의전당(창원),경상남도 창원시 마산합포구 해안대로 202,O,2026-08-31 16:24:10,정상,,
tracking-20260928-v2,10-103,10 창원,완월서광아파트,경상남도 창원시 마산합포구 고운로 168,X,,계측 불가,고장,고장
tracking-20260928-v2,10-104,10 창원,메트로시티석전 지하2층 102동 SOS기둥,경상남도 창원시 마산회원구 석전남8길 40,X,,계측 불가,위치 확인 불가,위치 확인 불가
tracking-20260928-v2,10-027,10 창원,MBC 경남창원본부,경상남도 창원시 마산회원구 양덕서9길 11-11,O,2026-09-01 11:39:02,정상,,
tracking-20260928-v2,10-105,10 창원,판시티주식회사 B2,경상남도 창원시 마산합포구 용마로 108,X,,계측 불가,위치 확인 불가,위치 확인 불가
tracking-20260928-v2,10-106,10 창원,회원1동주민센터,경상남도 창원시 마산회원구 회원동11길 7,X,,계측 불가,고장,고장
tracking-20260928-v2,10-107,10 창원,교보생명 마산사옥,경상남도 창원시 마산합포구 3·15대로 409 교보생명 마산사옥,X,,계측 불가,충전 오류,충전 오류
tracking-20260928-v2,10-108,10 창원,신기자동차,경상남도 창원시 마산합포구 해안대로 389 신기자동차,X,,계측 불가,선 없음,선 없음
tracking-20260928-v2,10-109,10 창원,마산복음요양병원,경상남도 창원시 마산회원구 3·15대로 850 마산복음요양병원,X,,계측 불가,위치 확인 불가,위치 확인 불가
tracking-20260928-v2,10-110,10 창원,경상고등학교,경상남도 창원시 의창구 금강로379번길 46 경상고등학교,X,,계측 불가,출입 불가,출입 불가
tracking-20260928-v2,10-028,10 창원,구암대동타운,경상남도 창원시 마산회원구 구암남14길 18,O,2026-09-01 13:40:27,정상,,
tracking-20260928-v2,10-029,10 창원,산창교회,경상남도 창원시 마산회원구 합성남9길 12,O,2026-09-01 12:11:27,정상,,
tracking-20260928-v2,10-111,10 창원,팔용주차장 노외2,경상남도 창원시 의창구 팔용동 165-8,X,,계측 불가,회원카드 결제 불가,회원카드 결제 불가
tracking-20260928-v2,10-112,10 창원,기아자동차 창원서비스센터,경상남도 창원시 성산구 창원대로 504,X,,계측 불가,충전 오류,충전 오류
tracking-20260928-v2,10-113,10 창원,창원 제이디윙스,"경상남도 창원시 의창구 중동중앙로 83 지하1층,지하2층 실내 주차장",X,,계측 불가,고장,고장
tracking-20260928-v2,10-030,10 창원,창원시 신화테크노벨리,경상남도 창원시 의창구 평산로 23,O,2026-09-01 14:43:57,정상,,
tracking-20260928-v2,10-114,10 창원,창원서부경찰서,경상남도 창원시 의창구 우곡로 10 창원서부경찰서,X,,계측 불가,불법주차,불법주차
tracking-20260928-v2,10-031,10 창원,창원시 진북라인아파트,경상남도 창원시 마산합포구 진북면 지산2길 42,O,2026-08-31 13:30:59,정상,,
tracking-20260928-v2,10-032,10 창원,진동 노상주차장,경상남도 창원시 마산합포구 진동면 사동리 292-3,O,2026-08-31 12:22:49,정상,,
tracking-20260928-v2,10-033,10 창원,창원시 오션뷰호텔,경상남도 창원시 마산합포구 진동면 광암해안길 137,O,2026-08-31 12:08:10,정상,,
tracking-20260928-v2,10-115,10 창원,진동면행정복지센터,"경상남도 창원시 마산합포구 진동면 신서촌로 11 (진동리, 진동면 행정복지센터)",X,,계측 불가,고장,고장
tracking-20260928-v2,10-116,10 창원,한국도로교통공단 마산운전면허시험장,"경상남도 창원시 마산합포구 진동면 진북산업로 90-1 (진동리, 마산운전면허시험장)",X,,계측 불가,모두 사용중,모두 사용중
tracking-20260928-v2,10-034,10 창원,교동마을 공영주차장,경상남도 창원시 마산합포구 진동면 교동리 558-5 교동마을공영주차장,O,2026-08-31 13:58:10,정상,,
tracking-20260928-v2,10-117,10 창원,포레나대원,경상남도 창원시 성산구 창원천로 34,X,,계측 불가,회원카드 결제 불가,회원카드 결제 불가
tracking-20260928-v2,10-035,10 창원,창원한국전기연구원,경상남도 창원시 성산구 전기의길 12 (성주동),O,2026-09-02 07:59:17,정상,,
tracking-20260928-v2,10-036,10 창원,창원시 경동윈츠빌아파트,경상남도 창원시 진해구 풍호로3번길 14 B1,O,2026-09-02 18:18:51,정상,,
tracking-20260928-v2,10-037,10 창원,현동코오롱하늘채아파트,경상남도 창원시 마산합포구 현동9길 13,O,2026-08-31 14:17:30,정상,,
tracking-20260928-v2,10-118,10 창원,창원시 라온하제,경상남도 창원시 성산구 삼귀로 361 주차장,X,,계측 불가,충전 오류,충전 오류
tracking-20260928-v2,10-038,10 창원,의료법인 동양의료재단,경상남도 창원시 진해구 행암로 76 의료법인 동양의료재단,O,2026-09-02 18:30:28,정상,,
tracking-20260928-v2,10-119,10 창원,진해수산업협동조합,경상남도 창원시 진해구 태평로 143,X,,계측 불가,고장,고장
tracking-20260928-v2,10-039,10 창원,남창원농협 농수산물종합유통센터,경상남도 창원시 성산구 가음로 100,O,2026-09-02 09:52:16,정상,,
tracking-20260928-v2,10-040,10 창원,완월경남아파트,"경상남도 창원시 마산합포구 장장군로 3 (완월동, 경남아파트)",O,2026-08-31 16:51:34,정상,,
tracking-20260928-v2,10-120,10 창원,대구은행빌딩,경상남도 창원시 성산구 용지로 159,X,,계측 불가,위치 확인 불가,위치 확인 불가
tracking-20260928-v2,10-041,10 창원,새마을금고중앙회 울산경남지역본부,경상남도 창원시 성산구 중앙대로 32,O,2026-09-02 12:58:15,정상,,
tracking-20260928-v2,10-042,10 창원,창원세무서,경상남도 창원시 성산구 중앙대로209번길 16 (용호동),O,2026-09-03 13:26:46,정상,,
tracking-20260928-v2,10-043,10 창원,창원시 강남디지털아파트,경상남도 창원시 마산회원구 회원동3길 6 B1,O,2026-09-01 10:32:52,정상,,
tracking-20260928-v2,10-121,10 창원,창원상남시장,경상남도 창원시 성산구 마디미로 28,X,,계측 불가,충전 오류,충전 오류
tracking-20260928-v2,10-044,10 창원,평화상가,경상남도 창원시 성산구 중앙대로 111,O,2026-09-03 13:00:20,정상,,
tracking-20260928-v2,10-045,10 창원,국민연금공단_창원,경상남도 창원시 성산구 중앙대로250번길 4,O,2026-09-03 13:42:04,정상,,
tracking-20260928-v2,10-046,10 창원,고려오피스텔,경상남도 창원시 마산합포구 문화의길 15,O,2026-09-01 09:47:08,정상,,
tracking-20260928-v2,10-047,10 창원,양덕동 부설주차장,경상남도 창원시 마산회원구 삼호로 82 실외주차장,O,2026-09-01 11:28:28,정상,,
tracking-20260928-v2,10-048,10 창원,두산3차아파트,"경상남도 창원시 마산합포구 월영동11길 42 (해운동, 두산3차아파트) 302동 307동 지하주차장",O,2026-08-31 15:56:19,정상,,
tracking-20260928-v2,10-122,10 창원,의창구청,경상남도 창원시 의창구 도계동 908 복개천 주차장 구청정문(일방통행) 100m 이후 좌측,X,,계측 불가,고장,고장
tracking-20260928-v2,10-049,10 창원,창원시 삼성창원병원,경상남도 창원시 마산회원구 팔용로 158,O,2026-09-01 13:29:05,정상,,
tracking-20260928-v2,10-050,10 창원,상남서광아파트,경상남도 창원시 마산합포구 노산북6길 26 상남서광아파트 지상주차장,O,2026-09-01 10:10:39,정상,,
tracking-20260928-v2,10-123,10 창원,해오름아파트,경상남도 창원시 마산합포구 월영동11길 57,X,,계측 불가,고장,고장
tracking-20260928-v2,10-051,10 창원,나성빌,경상남도 창원시 마산합포구 진동면 진동사동로 6 나성빌,O,2026-08-31 13:17:50,정상,,
tracking-20260928-v2,10-052,10 창원,팔룡동주민센터,경상남도 창원시 의창구 팔용로 435,O,2026-09-01 14:14:00,정상,,
tracking-20260928-v2,10-053,10 창원,창원시 엘르메디산부인과,경상남도 창원시 의창구 서상로 1 주차장,O,2026-09-03 14:28:40,정상,,
tracking-20260928-v2,10-054,10 창원,창원시 진동협성엠파이어아파트,"경상남도 창원시 마산합포구 진동면 진북산업로 55 101,104동 B1",O,2026-08-31 13:47:45,정상,,
tracking-20260928-v2,10-055,10 창원,중앙하이츠아파트,경상남도 창원시 마산회원구 팔용로 215,O,2026-09-03 14:39:45,정상,,
tracking-20260928-v2,10-124,10 창원,원풍아파트502동,경상남도 창원시 의창구 사화로90번길 20 502동 지하1층 전기실앞 1기,X,,계측 불가,고장,고장
tracking-20260928-v2,10-056,10 창원,창원시 창원시설공단시민생활체육관,경상남도 창원시 성산구 원이대로 692  야외주차장,O,2026-09-03 11:03:29,정상,,
tracking-20260928-v2,10-057,10 창원,창원시 이마트(마산점),경상남도 창원시 마산합포구 서성로 3,O,2026-09-03 15:31:44,정상,,
tracking-20260928-v2,10-058,10 창원,창원두산위브아파트,경상남도 창원시 의창구 도계로 135,O,2026-09-01 16:04:02,정상,,
tracking-20260928-v2,10-059,10 창원,우림필유입주자대표회의-1,경상남도 창원시 진해구 해원로 45,O,2026-09-02 18:00:39,정상,,
tracking-20260928-v2,10-060,10 창원,평화그린파크,경상남도 창원시 진해구 제황로 10,O,2026-09-02 17:15:36,정상,,
tracking-20260928-v2,10-061,10 창원,한일타운1차아파트,"경상남도 창원시 마산회원구 양덕옛2길 58 (양덕동, 한일1차아파트)",O,2026-09-01 11:57:28,정상,,
tracking-20260928-v2,10-125,10 창원,코레일 창원중앙역,경상남도 창원시 의창구 상남로 381,X,,계측 불가,충전 오류,충전 오류
tracking-20260928-v2,10-062,10 창원,월영SK오션뷰,"경상남도 창원시 마산합포구 월영남12길 12(월영동, 월영SK오션뷰) 월영SK오션뷰 지하1층주차장(102동 14기둥,104동23기둥, 106동75기둥 주변)",O,2026-08-31 15:35:09,정상,,
tracking-20260928-v2,10-126,10 창원,석동 공영주차빌딩1층,경상남도 창원시 진해구 냉천로 73,X,,계측 불가,충전 오류,충전 오류
tracking-20260928-v2,10-063,10 창원,진해성원아파트,경상남도 창원시 진해구 냉천로 106,O,2026-09-03 09:41:26,정상,,
tracking-20260928-v2,10-064,10 창원,경남창원 안민동위드필하임아파트 2,경상남도 창원시 성산구 안민로 49-6 지하 주차장 입구 옆 휀룸실 앞 2대,O,2026-09-03 10:09:13,정상,,
tracking-20260928-v2,10-065,10 창원,평화마을아파트,경상남도 창원시 진해구 충장로603번길 10 평화마을아파트,O,2026-09-03 09:02:01,정상,,
tracking-20260928-v2,10-066,10 창원,진해구청,경상남도 창원시 진해구 진해대로 1101 주차장,O,2026-09-03 08:47:40,정상,,
tracking-20260928-v2,10-127,10 창원,경화동주민센터,경상남도 창원시 진해구 경화로8번길 5 지하1층,X,,계측 불가,고장,고장
tracking-20260928-v2,10-067,10 창원,완월2차서광아파트,경상남도 창원시 마산합포구 완월남로 54 지하1층 주차장 좌측끝 계단 옆,O,2026-08-31 17:02:34,정상,,
tracking-20260928-v2,10-068,10 창원,창원경상대학교병원,경상남도 창원시 성산구 삼정자로 11 장례식장 앞 주차장,O,2026-09-02 09:08:50,정상,,
tracking-20260928-v2,10-069,10 창원,캔버라호텔(창원),경상남도 창원시 성산구 중앙대로61번길 4,O,2026-09-03 13:10:55,정상,,
tracking-20260928-v2,10-070,10 창원,부흥동태영데시앙아파트,경상남도 창원시 진해구 중원동로 38 태영데시앙아파트 101동 지하2층 66번 기둥 옆,O,2026-09-02 16:51:37,정상,,
tracking-20260928-v2,10-071,10 창원,창원대방대동황토방아파트(T),경상남도 창원시 성산구 창이대로881번길 19,O,2026-09-02 09:19:33,정상,,
tracking-20260928-v2,10-128,10 창원,경남동부신용협동조합,경상남도 창원시 진해구 동진로143번길 2,X,,계측 불가,충전 오류,충전 오류
tracking-20260928-v2,10-072,10 창원,의창구청,경상남도 창원시 의창구 원이대로 80 의창구청,O,2026-09-01 15:28:48,정상,,
tracking-20260928-v2,10-129,10 창원,전기안전공사 경남지역본부2,경상남도 창원시 의창구 우곡로 215,X,,계측 불가,고장,고장
tracking-20260928-v2,10-130,10 창원,창원시 호텔스카이,경상남도 창원시 의창구 우곡로217번길 5 지상,X,,계측 불가,고장,고장
tracking-20260928-v2,10-073,10 창원,노블파크상가(창원),경상남도 창원시 성산구 원이대로473번길 9,O,2026-09-03 14:04:59,정상,,
tracking-20260928-v2,10-131,10 창원,봉곡프라자상가상인회,경상남도 창원시 의창구 창이대로205번길 5,X,,계측 불가,출입 불가,출입 불가
tracking-20260928-v2,10-132,10 창원,더샾호텔,경상남도 창원시 진해구 중원로79번길 5 1층주차장 좌측 입구,X,,계측 불가,고장,고장
tracking-20260928-v2,10-074,10 창원,양덕신성미소지움아파트 입주자대표회의,경상남도 창원시 마산회원구 양덕북17길 73,O,2026-09-03 14:59:14,정상,,
tracking-20260928-v2,10-075,10 창원,창원 일진골프랜드,경상남도 창원시 마산합포구 오동동10길 49,O,2026-09-01 09:36:14,정상,,
tracking-20260928-v2,10-076,10 창원,(주)우리은행 창원금융센터,경상남도 창원시 성산구 상남로 83,O,2026-09-03 11:29:09,정상,,
tracking-20260928-v2,10-077,10 창원,월영2차현대아파트,경상남도 창원시 마산합포구 월영마을로 52,O,2026-08-31 15:25:26,정상,,
tracking-20260928-v2,10-078,10 창원,창원시 진해연세에스병원본관,경상남도 창원시 진해구 해원로32번길 13,O,2026-09-03 09:24:50,정상,,
tracking-20260928-v2,10-079,10 창원,광석골쉼터 주차장,경상남도 창원시 진해구 진해대로1099번길 37 주차장,O,2026-09-03 08:35:04,정상,,
tracking-20260928-v2,10-080,10 창원,H202주차빌딩(창원),경상남도 창원시 의창구 중동로5번길 22,O,2026-09-01 15:13:21,정상,,
tracking-20260928-v2,11-001,11 울산,호텔씨엘,울산광역시 울주군 서생면 진하8길 15-14 주차장 우측 벽면,O,2026-09-07 15:58:07,정상,,
tracking-20260928-v2,11-002,11 울산,BMW차징스테이션 울산빵샘,울산광역시 울주군 서생면 해맞이로 825,O,2026-09-07 14:19:20,정상,,
tracking-20260928-v2,11-003,11 울산,서생면행정복지센터,울산광역시 울주군 서생면 해맞이로 894,O,2026-09-07 14:54:45,정상,,
tracking-20260928-v2,11-081,11 울산,서생중학교,"울산광역시 울주군 서생면 당물길 1 (신암리, 서생중학교)",X,,계측 불가,충전 오류,충전 오류
tracking-20260928-v2,11-004,11 울산,서라벌모텔,울산광역시 울주군 서생면 진하해변길 54,O,2026-09-08 09:09:07,정상,,
tracking-20260928-v2,11-005,11 울산,아성일마레오피스텔,울산광역시 울주군 서생면 진하해변길 8,O,2026-09-07 16:06:43,정상,,
tracking-20260928-v2,11-082,11 울산,울산 울주군 진하해수욕장 노상주차장,울산광역시 울주군 서생면 진하리 307 진하해수욕장 노상주차장,X,,계측 불가,위치 확인 불가,위치 확인 불가
tracking-20260928-v2,11-083,11 울산,헬로모텔,울산광역시 울주군 서생면 깨목길 17 출입구주차장 우측 전봇대옆,X,,계측 불가,고장,고장
tracking-20260928-v2,11-084,11 울산,강동초등학교,"울산광역시 북구 산하동 1007 강동초등학교 (산하동, 강동초등학교)",X,,계측 불가,출입 불가,출입 불가
tracking-20260928-v2,11-085,11 울산,(전주거치형)신명해수욕장,울산광역시 북구 신명동 286-6,X,,계측 불가,위치 확인 불가,위치 확인 불가
tracking-20260928-v2,11-086,11 울산,울산 CTR 모빌리티,울산광역시 북구 모듈화산업로 115,X,,계측 불가,출입 불가,출입 불가
tracking-20260928-v2,11-087,11 울산,효정중학교,"울산광역시 북구 염포로 363 (양정동, 효정중학교)",X,,계측 불가,출입 불가,출입 불가
tracking-20260928-v2,11-088,11 울산,서연이화 울산공장,울산광역시 북구 연암동 579-1,X,,계측 불가,출입 불가,출입 불가
tracking-20260928-v2,11-089,11 울산,울산자유무역지역관리원,울산광역시 울주군 청량면 처용산업3길162 울산자유무역지역관리원,X,,계측 불가,충전 오류,충전 오류
tracking-20260928-v2,11-006,11 울산,전하공영주차장,울산광역시 동구 전하동 638-4 전하공영주차장,O,2026-09-09 11:10:00,정상,,
tracking-20260928-v2,11-090,11 울산,양정복개천 공영주차장,울산광역시 북구 양정동 776-12,X,,계측 불가,모두 사용중,모두 사용중
tracking-20260928-v2,11-091,11 울산,호텔그라운드세븐,울산광역시 북구 진장2길 15,X,,계측 불가,위치 확인 불가,위치 확인 불가
tracking-20260928-v2,11-092,11 울산,울산국화장례식장,울산광역시 남구 산업로 88,X,,계측 불가,고장,고장
tracking-20260928-v2,11-093,11 울산,울산스포츠과학중고등학교,울산광역시 북구 산음3길 16 울산스포츠과학중고등학교,X,,계측 불가,위치 확인 불가,위치 확인 불가
tracking-20260928-v2,11-007,11 울산,코스트코 울산점,울산광역시 북구 진장유통로 78-12,O,2026-09-09 16:43:14,정상,,
tracking-20260928-v2,11-094,11 울산,한국지엠울산서비스센터,울산광역시 남구 산업로91번길 21 출입구 우측 기둥,X,,계측 불가,고장,고장
tracking-20260928-v2,11-095,11 울산,해오름교통,울산광역시 북구 진장18길 9,X,,계측 불가,모두 사용중,모두 사용중
tracking-20260928-v2,11-008,11 울산,강북교육지원청,울산광역시 북구 산업로 1015,O,2026-09-09 16:29:19,정상,,
tracking-20260928-v2,11-096,11 울산,울산신축솔밭(EVCITY),울산광역시 남구 두왕로92번길 11-5 울산신축솔밭(EVCITY),X,,계측 불가,위치 확인 불가,위치 확인 불가
tracking-20260928-v2,11-009,11 울산,울산 진흥 마제스타워2차,울산광역시 중구 학성로 11 울산 진흥 마제스타워 2차,O,2026-09-10 09:28:27,정상,,
tracking-20260928-v2,11-097,11 울산,블루마시티 효성해링턴 플레이스 B1 A23기둥,울산광역시 북구 화암7길 5,X,,계측 불가,회원카드 결제 불가,회원카드 결제 불가
tracking-20260928-v2,11-098,11 울산,강동중앙공원 공영주차장,울산광역시 북구 동해안로 1639,X,,계측 불가,위치 확인 불가,위치 확인 불가
tracking-20260928-v2,11-010,11 울산,블루마시티 KCC스위첸아파트 입주자대표회의,울산광역시 북구 산하중앙1로 6,O,2026-09-08 11:47:59,정상,,
tracking-20260928-v2,11-011,11 울산,울산광역시교육연수원,울산광역시 북구 무룡로 1093,O,2026-09-08 12:35:50,정상,,
tracking-20260928-v2,11-099,11 울산,HD현대중공업 현대문화예술관,울산광역시 동구 명덕로 12 HD현대중공업 현대문화예술관,X,,계측 불가,모두 사용중,모두 사용중
tracking-20260928-v2,11-100,11 울산,케이티전하빌딩,"울산광역시 동구 방어진순환도로 775 (전하동, KT동울산지사) KT전하빌딩",X,,계측 불가,kW 변경,kW 변경
tracking-20260928-v2,11-101,11 울산,(전주거치형)노상웅상제10공영주차장,울산광역시 동구 화정동 137-25,X,,계측 불가,위치 확인 불가,위치 확인 불가
tracking-20260928-v2,11-102,11 울산,울산 동구 오션뷰호텔,울산광역시 동구 해수욕장1길 50 호텔 내 주차장,X,,계측 불가,kW 변경,kW 변경
tracking-20260928-v2,11-012,11 울산,대송현대1차입주자대표회의,울산광역시 동구 대송2길 10,O,2026-09-09 10:32:17,정상,,
tracking-20260928-v2,11-013,11 울산,울산 테라스파크,울산광역시 동구 방어진순환도로 652 (일산동),O,2026-09-09 10:44:47,정상,,
tracking-20260928-v2,11-103,11 울산,현대중공업외국인아파트,울산광역시 동구 화잠로 51,X,,계측 불가,선 없음,선 없음
tracking-20260928-v2,11-104,11 울산,울산시 꽃바위로 노상주차장,울산광역시 동구 화잠로 114 바우하우스 앞 지상주차장,X,,계측 불가,위치 확인 불가,위치 확인 불가
tracking-20260928-v2,11-014,11 울산,울산정림아파트,울산광역시 동구 문현1길 37,O,2026-09-09 08:43:04,정상,,
tracking-20260928-v2,11-015,11 울산,울산방어휴먼시아아파트,울산광역시 동구 등대4길 25,O,2026-09-09 09:09:20,정상,,
tracking-20260928-v2,11-105,11 울산,남외푸르지오2차아파트,울산광역시 중구 남외로 60,X,,계측 불가,선 없음,선 없음
tracking-20260928-v2,11-106,11 울산,울산 중구 반구정20길 43 (저압수용가),울산 중구 반구정20길 43 울산 중구 반구정20길 43 (저압수용가),X,,계측 불가,위치 확인 불가,위치 확인 불가
tracking-20260928-v2,11-107,11 울산,학성파크디아채아파트,울산광역시 중구 학성로 218,X,,계측 불가,선 없음,선 없음
tracking-20260928-v2,11-108,11 울산,한국석유공사 본사,울산광역시 중구 종가로 305 한국석유공사 본사,X,,계측 불가,선 없음,선 없음
tracking-20260928-v2,11-109,11 울산,울산광역시 중구 종가2길1-8 (저압수용가),울산 중구 종가2길1-8 울산광역시 중구 종가2길1-8 (저압수용가),X,,계측 불가,위치 확인 불가,위치 확인 불가
tracking-20260928-v2,11-110,11 울산,울산 남구 돋질로157번길 38-7 (저압수용가),울산 남구 돋질로157번길 38-7 울산 남구 돋질로157번길 38-7 (저압수용가),X,,계측 불가,선 없음,선 없음
tracking-20260928-v2,11-111,11 울산,대공원코오롱파크폴리스,울산광역시 남구 대공원로 241,X,,계측 불가,선 없음,선 없음
tracking-20260928-v2,11-112,11 울산,기아 달동대리점,울산광역시 남구 번영로 79-1 기아 달동대리점,X,,계측 불가,선 없음,선 없음
tracking-20260928-v2,11-113,11 울산,울산 대현 시티프라디움,울산광역시 남구 수암로190번길 17,X,,계측 불가,선 없음,선 없음
tracking-20260928-v2,11-114,11 울산,달동삼성아파트,울산광역시 남구 신정로17번길 5,X,,계측 불가,출입 불가,출입 불가
tracking-20260928-v2,11-115,11 울산,BMW차징스테이션 울산번영로레벤투스 by동성모터스,울산광역시 남구 번영로 155,X,,계측 불가,kW 변경,kW 변경
tracking-20260928-v2,11-116,11 울산,유에이치산업,울산광역시 북구 진장24길 8-1 (진장동),X,,계측 불가,위치 확인 불가,위치 확인 불가
tracking-20260928-v2,11-117,11 울산,울산종합운동장 보조경기장 주차장,울산광역시 중구 염포로 55 울산종합운동장 보조경기장 주차장,X,,계측 불가,선 없음,선 없음
tracking-20260928-v2,11-118,11 울산,송정반도유보라아이비파크,울산광역시 북구 송정동 1237-2,X,,계측 불가,출입 불가|위치 확인 불가,출입 불가|위치 확인 불가
tracking-20260928-v2,11-016,11 울산,울산화봉2주공아파트,울산광역시 북구 화산로 36,O,2026-09-09 15:45:09,정상,,
tracking-20260928-v2,11-119,11 울산,무룡레포츠 (완속충전기),울산광역시 북구 화산로 12-9 무룡레포츠 (완속충전기),X,,계측 불가,충전 오류,충전 오류
tracking-20260928-v2,11-017,11 울산,화봉공원 공영주차장,울산광역시 북구 송내1길 15,O,2026-09-09 16:20:07,정상,,
tracking-20260928-v2,11-120,11 울산,울산시 중구 복산2동행정복지센터,울산광역시 중구 화합로 465,X,,계측 불가,위치 확인 불가,위치 확인 불가
tracking-20260928-v2,11-018,11 울산,번영로센트리지아파트,울산광역시 중구 복산1길 1,O,2026-09-09 17:55:11,정상,,
tracking-20260928-v2,11-121,11 울산,브라운도트호텔 울산학사점,울산광역시 중구 구역전2길 13 주차장,X,,계측 불가,고장,고장
tracking-20260928-v2,11-019,11 울산,울산중구 태화선경아파트,울산광역시 중구 유곡로 77 102동뒤 지상주차장,O,2026-09-10 08:33:21,정상,,
tracking-20260928-v2,11-122,11 울산,신정극동스타클래스아파트,울산광역시 남구 번영로 223 ,X,,계측 불가,선 없음,선 없음
tracking-20260928-v2,11-020,11 울산,울산우정선경2차아파트,울산광역시 중구 유곡로 10,O,2026-09-10 09:11:16,정상,,
tracking-20260928-v2,11-123,11 울산,한국동서발전,울산광역시 중구 종가로 395 한국동서발전,X,,계측 불가,고장,고장
tracking-20260928-v2,11-124,11 울산,시원다이너스티빌리지,"울산광역시 남구 삼산로77번길 10 (달동, 시원다이너스티빌리지)",X,,계측 불가,출입 불가,출입 불가
tracking-20260928-v2,11-021,11 울산,울산시 울주군 애플망고펜션,울산광역시 울주군 서생면 해맞이로 1349 주차장,O,2026-09-07 15:24:55,정상,,
tracking-20260928-v2,11-022,11 울산,울산남구롯데캐슬킹덤101동,울산광역시 남구 문수로 471 롯데캐슬킹덤아파트,O,2026-09-10 10:23:44,정상,,
tracking-20260928-v2,11-023,11 울산,휴먼블루드빌,울산광역시 남구 월평로48번길 9 휴먼블루드빌,O,2026-09-10 09:52:19,정상,,
tracking-20260928-v2,11-125,11 울산,케이티야음빌딩,"울산광역시 남구 신선로 179 (야음동, KT남울산지사) KT야음빌딩",X,,계측 불가,출입 불가,출입 불가
tracking-20260928-v2,11-126,11 울산,예스하우스,울산광역시 울주군 온양읍 태화7길 40-3 예스하우스,X,,계측 불가,위치 확인 불가,위치 확인 불가
tracking-20260928-v2,11-024,11 울산,울산 대안현대1단지 아파트,울산광역시 울주군 온양읍 남창강변로 93 현대아파트,O,2026-09-07 17:21:32,정상,,
tracking-20260928-v2,11-025,11 울산,온양발리한양립스더퍼스트,울산광역시 울주군 온양읍 발리동상로 35,O,2026-09-07 16:57:16,정상,,
tracking-20260928-v2,11-026,11 울산,울산시 울주군 상아비취맨션,울산광역시 울주군 온양읍 연안8길 44-7,O,2026-09-07 16:28:07,정상,,
tracking-20260928-v2,11-127,11 울산,울산울주 여울목아파트 2,울산광역시 울주군 온양읍 솔밭3길 19-10 105동 B2주차장 07~08기둥,X,,계측 불가,충전 오류,충전 오류
tracking-20260928-v2,11-128,11 울산,울산시 남구 신선사우나탕,울산광역시 남구 수암로116번길 58 주차장,X,,계측 불가,충전 오류,충전 오류
tracking-20260928-v2,11-129,11 울산,울산해양결찰서,울산광역시 남구 신선로 20 본관 후면 주차장,X,,계측 불가,고장,고장
tracking-20260928-v2,11-027,11 울산,성안금호타운,울산광역시 중구 함월5길 35,O,2026-09-10 08:07:42,정상,,
tracking-20260928-v2,11-028,11 울산,벽산유토피아,울산광역시 동구 옥류로 90,O,2026-09-09 13:49:36,정상,,
tracking-20260928-v2,11-029,11 울산,울산호계한양수자인2차,울산광역시 북구 호수중앙로 15-22,O,2026-09-10 07:36:28,정상,,
tracking-20260928-v2,11-130,11 울산,울산울주 디엔오토모티브,울산광역시 울주군 온산읍 처용산업2길 12 디앤오토모티브 건물앞 주차장,X,,계측 불가,출입 불가,출입 불가
tracking-20260928-v2,11-131,11 울산,한라시멘트(울산),울산광역시 울주군 온산읍 산암로 290,X,,계측 불가,출입 불가,출입 불가
tracking-20260928-v2,11-132,11 울산,롯데시티호텔 울산,울산광역시 남구 삼산로 204 롯데시티호텔 울산 지하 1층,X,,계측 불가,위치 확인 불가,위치 확인 불가
tracking-20260928-v2,11-030,11 울산,중울산농협 송정지점,울산광역시 북구 박상진11로 8,O,2026-09-09 15:26:13,정상,,
tracking-20260928-v2,11-133,11 울산,울산시 울주군 브라운도트호텔,울산광역시 울주군 서생면 진하8길 15-11 주차장,X,,계측 불가,충전 오류,충전 오류
tracking-20260928-v2,11-031,11 울산,울산시 경성유료주차장,울산광역시 북구 화산중앙로 94-5 3층,O,2026-09-09 16:02:12,정상,,
tracking-20260928-v2,11-032,11 울산,블루마시티 복합시설 관리,울산광역시 북구 강동산하2로 7,O,2026-09-08 11:52:25,정상,,
tracking-20260928-v2,11-033,11 울산,울산울주 성림그린빌아파트,울산광역시 울주군 온양읍 솔밭3길 35 104동 지상1층,O,2026-09-08 09:48:27,정상,,
tracking-20260928-v2,11-034,11 울산,진하비치아파트입주자대표회의,울산광역시 울주군 서생면 진하8길 25,O,2026-09-08 09:25:13,정상,,
tracking-20260928-v2,11-035,11 울산,삼환아르누보,울산광역시 남구 삼산로 87,O,2026-09-10 10:44:37,정상,,
tracking-20260928-v2,11-134,11 울산,지산오차드힐아파트,울산광역시 남구 수암로 255,X,,계측 불가,출입 불가,출입 불가
tracking-20260928-v2,11-135,11 울산,강동고등학교,"울산광역시 북구 산하동 993 강동고등학교 (산하동, 강동고등학교)",X,,계측 불가,출입 불가,출입 불가
tracking-20260928-v2,11-036,11 울산,한신더휴에듀포레3단지,울산 북구 율동로 26 한신더휴에듀포레3단지,O,2026-09-09 14:30:18,정상,,
tracking-20260928-v2,11-037,11 울산,울산남구 내트럭하우스 울산사업소 4,울산광역시 남구 산업로 100 (상개동) 사업소 내 주차장-진입 후 우측라인),O,2026-09-08 14:16:09,정상,,
tracking-20260928-v2,11-038,11 울산,뉴코아아울렛 울산점,울산광역시 남구 삼산로 217 뉴코아아울렛 울산점,O,2026-09-10 11:12:33,정상,,
tracking-20260928-v2,11-039,11 울산,울산남구 남운진주아파트,울산광역시 남구 수암로116번길 59-27,O,2026-09-08 15:56:55,정상,,
tracking-20260928-v2,11-136,11 울산,울산시 북구 블루마시티효성해링턴플레이스2단지,울산광역시 북구 강동산하5로 25,X,,계측 불가,위치 확인 불가,위치 확인 불가
tracking-20260928-v2,11-137,11 울산,대현동행정복지센터,울산광역시 남구 수암로 182,X,,계측 불가,고장,고장
tracking-20260928-v2,11-138,11 울산,호수공원 대명루첸아파트,울산광역시 남구 신선로 186,X,,계측 불가,고장,고장
tracking-20260928-v2,11-139,11 울산,울산힐스테이트수암2단지아파트,울산광역시 남구 중앙로17번길 35,X,,계측 불가,출입 불가,출입 불가
tracking-20260928-v2,11-040,11 울산,울산 남구 번영로센텀파크에일린의뜰,울산광역시 남구 번영로16번길 50,O,2026-09-08 17:08:20,정상,,
tracking-20260928-v2,11-041,11 울산,고용노동부고객상담센터,울산광역시 중구 종가로 405-3,O,2026-09-09 18:49:59,정상,,
tracking-20260928-v2,11-042,11 울산,아크리티아파트,울산광역시 남구 두왕로190번길 31,O,2026-09-08 15:13:00,정상,,
tracking-20260928-v2,11-043,11 울산,울산 율동위드유아파트,울산광역시 북구 율동로 68 104동 뒤 지상 주차장,O,2026-09-09 14:41:45,정상,,
tracking-20260928-v2,11-044,11 울산,진하공영주차장,울산광역시 울주군 서생면 서생리 150 진하공영주차장,O,2026-09-08 09:02:47,정상,,
tracking-20260928-v2,11-045,11 울산,울산동구 풍성비치아파트,"울산광역시 동구 꽃바위5길 27 (방어동, 풍성비치타운) 후문주차장",O,2026-09-09 08:19:10,정상,,
tracking-20260928-v2,11-046,11 울산,울산남구 이진빌라,"울산광역시 남구 도산로 9 (달동, 이진빌라) 101동 뒤편 지상주차장",O,2026-09-10 14:26:56,정상,,
tracking-20260928-v2,11-140,11 울산,현대글로비스 울산영업소,울산광역시 북구 무룡1로 94 실외 지상주차장,X,,계측 불가,출입 불가,출입 불가
tracking-20260928-v2,11-047,11 울산,울산중구 새운파레스아파트 1,"울산광역시 중구 북부순환도로 680 (복산동, 새운파래스타운) 2동 뒤 지상주차장",O,2026-09-09 18:19:01,정상,,
tracking-20260928-v2,11-048,11 울산,울산 한라한빛타운102동(3-4라인),울산광역시 동구 전하로 35 102동 지하1층 3-4라인 계단 1-2호기 옆,O,2026-09-09 11:31:24,정상,,
tracking-20260928-v2,11-049,11 울산,롯데캐슬골드1단지아파트입주자대표회의,울산광역시 남구 신선로 45,O,2026-09-08 15:33:57,정상,,
tracking-20260928-v2,11-141,11 울산,울산광역시남구청,"울산광역시 남구 돋질로 233 (달동, 울산광역시남구청)",X,,계측 불가,위치 확인 불가,위치 확인 불가
tracking-20260928-v2,11-142,11 울산,울산북구 블루마시티2차푸르지오 1,울산광역시 북구 강동산하2로 43 104동 옥외주차장,X,,계측 불가,위치 확인 불가,위치 확인 불가
tracking-20260928-v2,11-050,11 울산,울산시 동구 타니베이호텔,울산광역시 동구 해수욕장5길 43,O,2026-09-09 09:46:31,정상,,
tracking-20260928-v2,11-051,11 울산,울산대왕암엘크루아파트,울산 동구 등대4길 26,O,2026-09-09 09:21:13,정상,,
tracking-20260928-v2,11-052,11 울산,울산동구 현대패밀리명덕아파트 2,울산광역시 동구 명덕로 30 112동 5~8라인 앞 옥외주차장,O,2026-09-09 13:29:08,정상,,
tracking-20260928-v2,11-053,11 울산,울산남구 현대홈타운1단지 1,울산광역시 남구 대암로 81 101동 뒤 지상주차장,O,2026-09-10 14:15:24,정상,,
tracking-20260928-v2,11-054,11 울산,울산울주 상아해미안아파트,울산광역시 울주군 온양읍 연안1길 3 입구옆주차장,O,2026-09-08 10:04:02,정상,,
tracking-20260928-v2,11-055,11 울산,울산 남구 번영로두산위브,울산광역시 남구 번영로 29,O,2026-09-08 17:19:21,정상,,
tracking-20260928-v2,11-056,11 울산,대산골프프라자,울산광역시 남구 두왕로154번길 13 (선암동),O,2026-09-08 14:54:12,정상,,
tracking-20260928-v2,11-057,11 울산,울산시 남구 대공원올림푸스골든아파트,울산광역시 남구 대공원로 198,O,2026-09-10 14:42:25,정상,,
tracking-20260928-v2,11-058,11 울산,울산남구 삼산선경아파트,울산광역시 남구 돋질로 262 6동 뒤편 주차장,O,2026-09-10 13:24:52,정상,,
tracking-20260928-v2,11-059,11 울산,대왕암공원주차타워,울산광역시 동구 해수욕장10길 101 대왕암공원주차타워,O,2026-09-09 09:31:54,정상,,
tracking-20260928-v2,11-143,11 울산,현대백화점 울산점,"울산광역시 남구 삼산로 261 6층 (10기) , 7층 (10기)",X,,계측 불가,위치 확인 불가,위치 확인 불가
tracking-20260928-v2,11-060,11 울산,화정 공영지하주차장,울산광역시 동구 대송로 140,O,2026-09-09 10:10:07,정상,,
tracking-20260928-v2,11-144,11 울산,블루마시티푸르지오아파트 입주자대표회의,울산광역시 북구 강동산하5로 66,X,,계측 불가,출입 불가,출입 불가
tracking-20260928-v2,11-061,11 울산,울산현대3단지아파트,울산광역시 동구 녹수13길 34,O,2026-09-09 11:41:22,정상,,
tracking-20260928-v2,11-062,11 울산,방어동행정복지센터,울산광역시 동구 꽃바위로 325 방어동행정복지센터,O,2026-09-09 08:56:09,정상,,
tracking-20260928-v2,11-063,11 울산,울산안전체험관,울산광역시 북구 정자동 479-1 울산안전체험관,O,2026-09-08 12:15:54,정상,,
tracking-20260928-v2,11-064,11 울산,선암호수공원1주차장,울산광역시 남구 선암호수길 48 옥외,O,2026-09-08 17:35:33,정상,,
tracking-20260928-v2,11-065,11 울산,울산동구 화정주공아파트,울산광역시 동구 월봉10길 16,O,2026-09-09 10:19:18,정상,,
tracking-20260928-v2,11-066,11 울산,울산남구 삼신현대아파트 1,울산 남구 월평로 272 출입구 우측 지상주차장,O,2026-09-10 12:14:15,정상,,
tracking-20260928-v2,11-067,11 울산,울산삼익세라믹아파트,울산광역시 남구 두왕로190번길 77 A동 뒤 지상주차장,O,2026-09-08 17:48:17,정상,,
tracking-20260928-v2,11-068,11 울산,대경넥스빌(울산),울산광역시 동구 바드래길 110 전하 대경 넥스빌,O,2026-09-09 11:48:59,정상,,
tracking-20260928-v2,11-069,11 울산,울산북구 벽산블루밍아파트 1,울산 북구 동해안로 1502 입구 울타리 쪽 지상주차장,O,2026-09-08 12:26:15,정상,,
tracking-20260928-v2,11-070,11 울산,대공원올림푸스골든,울산 남구 대공원로 156 대공원올림푸스골든 104,O,2026-09-11 09:37:12,정상,,
tracking-20260928-v2,11-071,11 울산,새울원자력본부 해오름아파트(울산),울산광역시 울주군 서생면 해맞이로 1017,O,2026-09-08 08:35:28,정상,,
tracking-20260928-v2,11-145,11 울산,티에스피,울산광역시 남구 상개로 34-74,X,,계측 불가,출입 불가,출입 불가
tracking-20260928-v2,11-072,11 울산,대공원현대아파트,울산광역시 남구 대공원로115번길 10 대공원현대아파트,O,2026-09-11 09:49:31,정상,,
tracking-20260928-v2,11-073,11 울산,울산경동햇빛마을,울산광역시 중구 함월11길 10,O,2026-09-10 08:21:06,정상,,
tracking-20260928-v2,11-074,11 울산,울산산업공구월드,울산광역시 남구 갈밭로 24,O,2026-09-10 13:45:58,정상,,
tracking-20260928-v2,11-075,11 울산,울산골프클럽,울산광역시 남구 화합로 76,O,2026-09-10 13:59:05,정상,,
tracking-20260928-v2,11-076,11 울산,옥동삼익아파트,"울산광역시 남구 문수로302번길 8 (옥동, 옥동삼익아파트)",O,2026-09-11 10:07:53,정상,,
tracking-20260928-v2,11-077,11 울산,울산뉴시티에일린의뜰1차아파트,울산 울주군 청량읍 덕하1로 25 울산뉴시티에일린의뜰1차아파트,O,2026-09-07 18:38:27,정상,,
tracking-20260928-v2,11-078,11 울산,울산남구 옥동성도아파트 1,울산 남구 문수로335번길 51 102동 뒤 지상주차장,O,2026-09-11 10:33:57,정상,,
tracking-20260928-v2,11-079,11 울산,울산남구 남양그린빌 1,울산 남구 두왕로34번길 38-8 후문 지상주차장,O,2026-09-08 14:38:05,정상,,
tracking-20260928-v2,11-080,11 울산,현대비치아파트,울산 동구 화문로 70 현대비치아파트,O,2026-09-09 08:30:13,정상,,
tracking-20260928-v2,12-001,12 목포_해남,폰타나비치관광호텔,전라남도 목포시 평화로 69,O,2026-09-16 10:44:30,정상,,
tracking-20260928-v2,12-002,12 목포_해남,호텔드메르,전라남도 목포시 통일대로 10 호텔드메르,O,2026-09-16 10:52:21,정상,,
tracking-20260928-v2,12-003,12 목포_해남,목포연안여객터미널,전라남도 목포시 해안로 182,O,2026-09-15 16:16:58,정상,,
tracking-20260928-v2,12-081,12 목포_해남,현대자동차 상동대리점,"전라남도 목포시 통일대로 107 (옥암동, 현대자동차 상동대리점)",X,,계측 불가,출입 불가,출입 불가
tracking-20260928-v2,12-004,12 목포_해남,초원1차아파트,전라남도 목포시 부흥로 28,O,2026-09-16 11:04:14,정상,,
tracking-20260928-v2,12-005,12 목포_해남,목포국제여객터미널,전라남도 목포시 해안로148번길 14,O,2026-09-15 16:09:42,정상,,
tracking-20260928-v2,12-082,12 목포_해남,그린카 목포점(OCPP),전라남도 목포시 영산로110번길 22,X,,계측 불가,출입 불가,출입 불가
tracking-20260928-v2,12-006,12 목포_해남,목포시 텐호텔,전라남도 목포시 삼향천로 61 주차장,O,2026-09-16 11:50:47,정상,,
tracking-20260928-v2,12-007,12 목포_해남,전남목포 신안인스빌,전라남도 목포시 삼학로 363,O,2026-09-17 10:48:31,정상,,
tracking-20260928-v2,12-008,12 목포_해남,목포시 트윈스타아파트,"전라남도 목포시 수문로 32 지하1층 2기, 지하4층 2기",O,2026-09-15 16:45:14,정상,,
tracking-20260928-v2,12-083,12 목포_해남,목포이랜드노인복지관,전라남도 목포시 용당동 947-180,X,,계측 불가,충전 오류,충전 오류
tracking-20260928-v2,12-009,12 목포_해남,목포시 목포칼튼힐호텔,전라남도 목포시 남악1로52번길 11-5,O,2026-09-16 08:49:37,정상,,
tracking-20260928-v2,12-010,12 목포_해남,목포시 부영애시앙2차,전라남도 목포시 당가두로13번길 9 P2 입구,O,2026-09-16 10:11:42,정상,,
tracking-20260928-v2,12-011,12 목포_해남,비파1차아파트,전라남도 목포시 백년대로337번길 35,O,2026-09-16 12:59:53,정상,,
tracking-20260928-v2,12-084,12 목포_해남,목포시 게스트하우스예술촌,전라남도 목포시 달성길 31-1 주차장,X,,계측 불가,위치 확인 불가,위치 확인 불가
tracking-20260928-v2,12-012,12 목포_해남,우미1차아파트,전라남도 목포시 삼향천로 131,O,2026-09-16 13:39:59,정상,,
tracking-20260928-v2,12-085,12 목포_해남,목포 MBC사옥,전라남도 목포시 영산로 334,X,,계측 불가,위치 확인 불가,위치 확인 불가
tracking-20260928-v2,12-086,12 목포_해남,유한회사 동양종합부품,전라남도 목포시 녹색로134번길 7 주차장,X,,계측 불가,위치 확인 불가|출입 불가,위치 확인 불가|출입 불가
tracking-20260928-v2,12-013,12 목포_해남,주노호텔,전라남도 목포시 상리로 8-1 주노호텔,O,2026-09-17 08:33:00,정상,,
tracking-20260928-v2,12-014,12 목포_해남,명도복지관,전라남도 목포시 산정로 199번길 25,O,2026-09-15 18:02:03,정상,,
tracking-20260928-v2,12-015,12 목포_해남,목포 용당1동 공영주차장,전라남도 목포시 동부로31번길 16,O,2026-09-15 18:13:20,정상,,
tracking-20260928-v2,12-016,12 목포_해남,한국농어촌공사 해남지사,전라남도 해남군 해남읍 해리1길 7,O,2026-09-14 13:56:57,정상,,
tracking-20260928-v2,12-017,12 목포_해남,해남군 동일모텔,전라남도 해남군 삼산면 고산로 767-7 주차장,O,2026-09-14 13:12:24,정상,,
tracking-20260928-v2,12-018,12 목포_해남,해남군 신라모텔,전라남도 해남군 삼산면 대흥사길 125 주차장,O,2026-09-14 13:02:39,정상,,
tracking-20260928-v2,12-087,12 목포_해남,우수영초등학교,전라남도 해남군 문내면 동영길 117 우수영초등학교,X,,계측 불가,회원카드 결제 불가,회원카드 결제 불가
tracking-20260928-v2,12-019,12 목포_해남,현대블루핸즈 우수영점,"전라남도 해남군 문내면 명량로 191 (동외리, 현대자동차)",O,2026-09-15 10:44:00,정상,,
tracking-20260928-v2,12-020,12 목포_해남,전남교육청 학생교육원,전라남도 해남군 해남읍 해남로 175 전남교육청 학생교육원,O,2026-09-14 13:44:34,정상,,
tracking-20260928-v2,12-021,12 목포_해남,근화삼학베아채아파트,전라남도 목포시 자유로 87,O,2026-09-15 17:19:52,정상,,
tracking-20260928-v2,12-088,12 목포_해남,하당 중흥s클래스 센텀뷰,전라남도 목포시 비파로 96 하당 중흥s클래스 센텀뷰,X,,계측 불가,선 없음,선 없음
tracking-20260928-v2,12-089,12 목포_해남,하당센트럴팰리체2차주상복합아파트,전라남도 목포시 양을로 514,X,,계측 불가,충전 오류,충전 오류
tracking-20260928-v2,12-090,12 목포_해남,골드디움5차아파트,전라남도 목포시 용해지구로88번길 23 골드디움5차아파트,X,,계측 불가,선 없음,선 없음
tracking-20260928-v2,12-091,12 목포_해남,목포 근화희망타운3차아파트,전라남도 목포시 산양로 50 목포 근화희망타운3차아파트,X,,계측 불가,선 없음,선 없음
tracking-20260928-v2,12-022,12 목포_해남,전남목포 근화희망타운1차아파트2,전라남도 목포시 산양로 40,O,2026-09-16 16:01:58,정상,,
tracking-20260928-v2,12-023,12 목포_해남,한국산업인력공단 전남서부지사,전라남도 목포시 영산로 820,O,2026-09-16 15:45:51,정상,,
tracking-20260928-v2,12-092,12 목포_해남,서희스타힐스아파트,전라남도 목포시 영산로 719-29,X,,계측 불가,위치 확인 불가,위치 확인 불가
tracking-20260928-v2,12-093,12 목포_해남,재단법인전남테크노파크(세라믹산업센터),전라남도 목포시 대양로 26,X,,계측 불가,회원카드 결제 불가,회원카드 결제 불가
tracking-20260928-v2,12-024,12 목포_해남,목포 세안종합병원,전라남도 목포시 고하대로 795-2,O,2026-09-15 18:34:10,정상,,
tracking-20260928-v2,12-094,12 목포_해남,삼목장례프리드,전라남도 목포시 청호로220번길 17 삼목장례프리드,X,,계측 불가,고장,고장
tracking-20260928-v2,12-095,12 목포_해남,신안비치3차아파트,전라남도 목포시 고하대로 641-11,X,,계측 불가,kW 변경,kW 변경
tracking-20260928-v2,12-096,12 목포_해남,유한회사 오션스테이호텔,전라남도 목포시 북항로149번길 7 건물 우측 계단 옆 옹벽,X,,계측 불가,고장,고장
tracking-20260928-v2,12-097,12 목포_해남,목포해양대학교 제2공학관B2동,"전라남도 목포시 해양대학로 91 (죽교동, 목포해양대학교)",X,,계측 불가,위치 확인 불가,위치 확인 불가
tracking-20260928-v2,12-025,12 목포_해남,전남목포 신안관광㈜ 신안비치호텔,전라남도 목포시 해안로 2 지상1층 야외주차장,O,2026-09-15 16:00:05,정상,,
tracking-20260928-v2,12-026,12 목포_해남,국립해양유산연구소(목포),전라남도 목포시 남농로 136,O,2026-09-16 11:22:54,정상,,
tracking-20260928-v2,12-098,12 목포_해남,삼학119안전센타,전라남도 목포시 삼학로 218 (산정동),X,,계측 불가,회원카드 결제 불가,회원카드 결제 불가
tracking-20260928-v2,12-099,12 목포_해남,서해지방해양경찰청,전라남도 목포시 남악로162번길 25 서해지방해양경찰청,X,,계측 불가,고장,고장
tracking-20260928-v2,12-027,12 목포_해남,목포시 골드디움3차,전라남도 목포시 남악1로52번길 82 306동 1-2라인 입구,O,2026-09-16 08:41:24,정상,,
tracking-20260928-v2,12-028,12 목포_해남,수창해뜨레아파트,전라남도 목포시 석현로45번길 19,O,2026-09-16 14:32:42,정상,,
tracking-20260928-v2,12-100,12 목포_해남,대양파크모텔,전라남도 목포시 삼학로18번길 17 대양파크모텔,X,,계측 불가,kW 변경|회원카드 결제 불가,kW 변경|회원카드 결제 불가
tracking-20260928-v2,12-101,12 목포_해남,삼산면사무소,전라남도 해남군 삼산면 신기큰길 7 삼산면사무소,X,,계측 불가,모두 사용중,모두 사용중
tracking-20260928-v2,12-102,12 목포_해남,해남군 꼬꼬펜션,전라남도 해남군 해남읍 읍옥동길 7 주차장,X,,계측 불가,위치 확인 불가,위치 확인 불가
tracking-20260928-v2,12-103,12 목포_해남,대한조선(주)기술교육원,전라남도 해남군 화원면 관광레저로 1100 대한조선(주)기술교육원,X,,계측 불가,출입 불가,출입 불가
tracking-20260928-v2,12-104,12 목포_해남,전남 목포 신항만,전라남도 목포시 신항로294번길 45 (달동),X,,계측 불가,출입 불가,출입 불가
tracking-20260928-v2,12-029,12 목포_해남,엠타운오피스텔,"전라남도 목포시 신항로276번길 6 엠타운오피스텔 101동 앞,뒤 라인",O,2026-09-15 13:39:26,정상,,
tracking-20260928-v2,12-030,12 목포_해남,목포시 썸무인호텔,전라남도 목포시 허사로 13 주차장,O,2026-09-15 13:47:55,정상,,
tracking-20260928-v2,12-105,12 목포_해남,모아모텔,전라남도 해남군 해남읍 교육청길 54-8 출입구 좌측 옥외주차장에 설치,X,,계측 불가,위치 확인 불가,위치 확인 불가
tracking-20260928-v2,12-031,12 목포_해남,해남읍5일시장,전라남도 해남군 해남읍 중앙2로 100-1 해납읍5일시장,O,2026-09-14 14:39:00,정상,,
tracking-20260928-v2,12-032,12 목포_해남,전남목포 해상케이블카 고하도 승강장 주차장,전라남도 목포시 고하도안길 168 (달동) 주차장 입구 우측,O,2026-09-15 14:26:47,정상,,
tracking-20260928-v2,12-033,12 목포_해남,목포시 하얀목화밭펜션,전라남도 목포시 고하도길 57 주차장,O,2026-09-15 14:12:58,정상,,
tracking-20260928-v2,12-034,12 목포_해남,목포시 호반리젠시빌스위트,"전라남도 목포시 용당로331번길 88 1P B2,2P B2,3P B2,4P B1",O,2026-09-17 09:18:16,정상,,
tracking-20260928-v2,12-106,12 목포_해남,목포시 목포현대병원,전라남도 목포시 용당로 322-1,X,,계측 불가,모두 사용중,모두 사용중
tracking-20260928-v2,12-035,12 목포_해남,진도 임회 파출소,전라남도 진도군 임회면 석교길 47-15 진도 임회 파출소,O,2026-09-14 17:18:33,정상,,
tracking-20260928-v2,12-036,12 목포_해남,진도국민해양안전관,전라남도 진도군 임회면 진도항길 161,O,2026-09-14 15:54:59,정상,,
tracking-20260928-v2,12-107,12 목포_해남,진도군 진도펜션소해정,전라남도 진도군 지산면 세포길 20-5,X,,계측 불가,고장,고장
tracking-20260928-v2,12-037,12 목포_해남,진도군 낙조펜션,전라남도 진도군 지산면 세방낙조로 109,O,2026-09-14 16:36:42,정상,,
tracking-20260928-v2,12-108,12 목포_해남,진도군 굿모닝펜션,전라남도 진도군 지산면 세방낙조로 330,X,,계측 불가,충전 오류,충전 오류
tracking-20260928-v2,12-038,12 목포_해남,진도 지산 파출소,전라남도 진도군 지산면 인지인천1길 26 진도 지산 파출소,O,2026-09-14 17:06:34,정상,,
tracking-20260928-v2,12-039,12 목포_해남,"진도라포엠아파트, 진도 라포엠/주식회사 케이산업개발",전라남도 진도군 진도읍 남산로 86,O,2026-09-15 08:49:58,정상,,
tracking-20260928-v2,12-109,12 목포_해남,진도지사,전라남도 진도군 진도읍 남동1길 25-1,X,,계측 불가,위치 확인 불가,위치 확인 불가
tracking-20260928-v2,12-040,12 목포_해남,진도군 보은모텔,전라남도 진도군 진도읍 남동4길 19,O,2026-09-15 09:15:19,정상,,
tracking-20260928-v2,12-041,12 목포_해남,진도아르미안아파트,전라남도 진도군 진도읍 쌍정1길 6-45,O,2026-09-15 09:36:19,정상,,
tracking-20260928-v2,12-110,12 목포_해남,진도군 공직자숙소,전라남도 진도군 진도읍 진도향교길 60-8 진도군 공직자숙소,X,,계측 불가,고장,고장
tracking-20260928-v2,12-111,12 목포_해남,진도 바다주유소 완속충전기 전기차충전소,전라남도 진도군 진도읍 동외1길 44 바다주유소,X,,계측 불가,위치 확인 불가,위치 확인 불가
tracking-20260928-v2,12-042,12 목포_해남,진도아리랑생활체육공원,전라남도 진도군 진도읍 동외4길 126,O,2026-09-15 10:02:12,정상,,
tracking-20260928-v2,12-112,12 목포_해남,진도군 군내면 월가길(7kW),전라남도 진도군 군내면 월가길 48,X,,계측 불가,출입 불가,출입 불가
tracking-20260928-v2,12-043,12 목포_해남,진도 군내 파출소,전라남도 진도군 군내면 진도대로 7957 진도 군내 파출소,O,2026-09-15 10:15:57,정상,,
tracking-20260928-v2,12-044,12 목포_해남,진도군 등대모텔,전라남도 진도군 군내면 진도대로 8459-4,O,2026-09-15 10:32:49,정상,,
tracking-20260928-v2,12-113,12 목포_해남,해남군 녹두펜션,전라남도 해남군 문내면 지중해길 47 주차장,X,,계측 불가,충전 오류,충전 오류
tracking-20260928-v2,12-045,12 목포_해남,해남126 오시아노호텔,전라남도 해남군 화원면 시아로 576-33,O,2026-09-15 11:26:02,정상,,
tracking-20260928-v2,12-046,12 목포_해남,파인비치골프장,전라남도 해남군 화원면 시아로 224,O,2026-09-15 11:37:15,정상,,
tracking-20260928-v2,12-114,12 목포_해남,노을과바다,전라남도 해남군 화원면 매봉길 243 노을과바다,X,,계측 불가,kW 변경|회원카드 결제 불가,kW 변경|회원카드 결제 불가
tracking-20260928-v2,12-047,12 목포_해남,부영애시앙1차,전라남도 목포시 당가두로13번길 35,O,2026-09-16 10:01:21,정상,,
tracking-20260928-v2,12-115,12 목포_해남,전남 카라모텔,전라남도 해남군 해남읍 중앙2로 140-6 옥외주차장 담장,X,,계측 불가,고장,고장
tracking-20260928-v2,12-048,12 목포_해남,정다운 요양병원,전라남도 목포시 영산로 710-11 정다운 요양병원,O,2026-09-16 16:24:08,정상,,
tracking-20260928-v2,12-049,12 목포_해남,전남목포 우미블루빌 1,전라남도 목포시 평화로153번길 9 302동 앞 지상주차장,O,2026-09-16 10:32:15,정상,,
tracking-20260928-v2,12-050,12 목포_해남,이마트목포점,전라남도 목포시 옥암로 138 옥상주차장,O,2026-09-16 14:00:14,정상,,
tracking-20260928-v2,12-051,12 목포_해남,제일6단지풍경채아파트,전라남도 목포시 옥암로 156,O,2026-09-16 14:18:58,정상,,
tracking-20260928-v2,12-052,12 목포_해남,목포중앙병원,전라남도 목포시 영산로 623,O,2026-09-16 14:45:04,정상,,
tracking-20260928-v2,12-053,12 목포_해남,목포 농수산물유통센터,전라남도 목포시 선곡로 33,O,2026-09-16 15:00:24,정상,,
tracking-20260928-v2,12-054,12 목포_해남,목포시 우미파렌하이트아파트,전라남도 목포시 남악2로22번길 15 주차장입구 C09,O,2026-09-16 08:32:22,정상,,
tracking-20260928-v2,12-116,12 목포_해남,서남해안기업도시개발,전라남도 해남군 산이면 관광레저로 1998 서남해안기업도시개발,X,,계측 불가,모두 사용중,모두 사용중
tracking-20260928-v2,12-055,12 목포_해남,에코호텔,전라남도 목포시 비파로124번길 11,O,2026-09-16 13:30:24,정상,,
tracking-20260928-v2,12-056,12 목포_해남,전남목포 신안비치2차아파트,전라남도 목포시 고하대로 641-10 지상주차장 화단,O,2026-09-15 15:31:21,정상,,
tracking-20260928-v2,12-057,12 목포_해남,효사랑장례식장,전라남도 목포시 백년대로231번길 13,O,2026-09-17 11:00:38,정상,,
tracking-20260928-v2,12-058,12 목포_해남,근화블루빌,전라남도 목포시 텃골로13번길 26,O,2026-09-16 16:49:23,정상,,
tracking-20260928-v2,12-059,12 목포_해남,스타팰리스오피스텔2동,전라남도 목포시 석현로 18-2,O,2026-09-16 15:10:12,정상,,
tracking-20260928-v2,12-060,12 목포_해남,광주지방검찰청 목포지청,전라남도 목포시 정의로 9 광주지방검찰청 목포지청,O,2026-09-16 08:58:44,정상,,
tracking-20260928-v2,12-061,12 목포_해남,용해동센트럴팰리체,전남광주통합특별시 목포시 송림로 85,O,2026-09-17 09:53:37,정상,,
tracking-20260928-v2,12-062,12 목포_해남,옥암한국아델리움3차아파트,전남광주통합특별시 목포시 삼향천로 159,O,2026-09-16 13:49:39,정상,,
tracking-20260928-v2,12-063,12 목포_해남,목포에드가채움아파트,전남광주통합특별시 목포시 소영길 43,O,2026-09-17 09:39:35,정상,,
tracking-20260928-v2,12-064,12 목포_해남,펠리시티3차아파트,전남광주통합특별시 무안군 삼향읍 남악3로 55,O,2026-09-16 09:23:07,정상,,
tracking-20260928-v2,12-065,12 목포_해남,해남 센트럴 팰리체 아파트,"전남광주통합특별시 해남군 해남읍 남부순환로 37 (해리, 해남센트럴펠리체)",O,2026-09-14 14:16:09,정상,,
tracking-20260928-v2,12-066,12 목포_해남,해남 백두3차아파트,전남광주통합특별시 해남군 해남읍 교육청길 23,O,2026-09-14 14:00:45,정상,,
tracking-20260928-v2,12-067,12 목포_해남,광신프로그레스아파트,전남광주통합특별시 목포시 백년대로 147 광신프로그레스아파트,O,2026-09-17 10:18:01,정상,,
tracking-20260928-v2,12-068,12 목포_해남,아이엠로즈빌 아파트,전남광주통합특별시 목포시 영산로 769-6,O,2026-09-16 16:13:19,정상,,
tracking-20260928-v2,12-069,12 목포_해남,전남목포 연산주공5단지아파트1,전남광주통합특별시 목포시 원산중앙로 109-1,O,2026-09-15 18:57:20,정상,,
tracking-20260928-v2,12-070,12 목포_해남,상동주공2차아파트,전남광주통합특별시 목포시 상동로 43,O,2026-09-17 08:57:35,정상,,
tracking-20260928-v2,12-071,12 목포_해남,호텔이안,전남광주통합특별시 목포시 북항로 163 호텔이안,O,2026-09-15 14:47:06,정상,,
tracking-20260928-v2,12-072,12 목포_해남,목포동백아파트,전남광주통합특별시 목포시 삼학로183번길 14,O,2026-09-15 17:42:41,정상,,
tracking-20260928-v2,12-073,12 목포_해남,라이프2차아파트,전남광주통합특별시 목포시 삼학로 376-1,O,2026-09-17 11:15:09,정상,,
tracking-20260928-v2,12-074,12 목포_해남,무안남악신동아파밀리에,전남광주통합특별시 무안군 삼향읍 남악영산길 39,O,2026-09-16 09:39:38,정상,,
tracking-20260928-v2,12-075,12 목포_해남,해상풍력융복합산업화 플랫폼센터/목포시청,전남광주통합특별시 목포시 허사로33번길 48-4,O,2026-09-15 13:54:52,정상,,
tracking-20260928-v2,12-117,12 목포_해남,세영스위트1차아파트,전남광주통합특별시 해남군 해남읍 남부길 17-13,X,,계측 불가,출입 불가,출입 불가
tracking-20260928-v2,12-076,12 목포_해남,용해라이프1차아파트,전남광주통합특별시 목포시 용당로 323 용해라이프아파트,O,2026-09-17 09:27:38,정상,,
tracking-20260928-v2,12-118,12 목포_해남,진도명품관,전남광주통합특별시 진도군 진도읍 남동1길 40-18,X,,계측 불가,모두 사용중,모두 사용중
tracking-20260928-v2,12-119,12 목포_해남,진도군청,전남광주통합특별시 진도군 진도읍 철마길 25 의회동 뒷편 주차장 흡연장 컨테이너 옆,X,,계측 불가,모두 사용중,모두 사용중
tracking-20260928-v2,12-077,12 목포_해남,전남진도 진도동외LH아파트 1,전남광주통합특별시 진도군 진도읍 동외1길 26 101동 뒤 지상주차장,O,2026-09-15 09:51:31,정상,,
tracking-20260928-v2,12-078,12 목포_해남,센트럴파크아파트,전남광주통합특별시 해남군 해남읍 서림길 11-1,O,2026-09-14 14:50:20,정상,,
tracking-20260928-v2,12-079,12 목포_해남,하당초원2차아파트,전남광주통합특별시 목포시 신흥로 93,O,2026-09-16 11:42:16,정상,,
tracking-20260928-v2,12-080,12 목포_해남,신안비치팔레스1차,전남광주통합특별시 목포시 청호로 210,O,2026-09-15 15:23:48,정상,,
